0;0;0;0;x;x
1;244;204;166;R244G204B166;x
2;226;130;228;R226G130B228;x
3;17;145;229;R17G145B229;x
4;158;149;213;R158G149B213;x
5;39;19;218;R39G19B218;x
6;80;141;189;R80G141B189;x
7;60;34;109;R60G34B109;x
8;158;19;219;R158G19B219;x
9;228;7;61;R228G7B61;x
10;230;168;252;R230G168B252;x
11;197;154;85;R197G154B85;x
12;209;83;88;R209G83B88;x
13;177;220;73;R177G220B73;x
14;171;188;163;R171G188B163;x
15;50;58;119;R50G58B119;x
16;189;98;93;R189G98B93;x
17;233;171;43;R233G171B43;x
18;48;123;96;R48G123B96;x
19;186;212;235;R186G212B235;x
20;123;196;2;R123G196B2;x
21;153;226;29;R153G226B29;x
22;123;236;106;R123G236B106;x
23;143;232;39;R143G232B39;x
24;73;155;191;R73G155B191;x
25;49;77;131;R49G77B131;x
26;140;6;81;R140G6B81;x
27;28;110;213;R28G110B213;x
28;32;157;166;R32G157B166;x
29;248;8;86;R248G8B86;x
30;205;37;107;R205G37B107;x
31;222;201;108;R222G201B108;x
32;110;217;100;R110G217B100;x
33;63;29;51;R63G29B51;x
34;147;203;168;R147G203B168;x
35;175;65;115;R175G65B115;x
36;47;41;46;R47G41B46;x
37;14;143;254;R14G143B254;x
38;37;59;218;R37G59B218;x
39;204;119;115;R204G119B115;x
40;90;131;186;R90G131B186;x
41;73;16;78;R73G16B78;x
42;17;127;101;R17G127B101;x
43;171;104;52;R171G104B52;x
44;40;163;223;R40G163B223;x
45;174;103;172;R174G103B172;x
46;229;100;90;R229G100B90;x
47;0;184;26;R0G184B26;x
48;73;127;159;R73G127B159;x
49;6;108;65;R6G108B65;x
50;63;134;154;R63G134B154;x
51;176;37;16;R176G37B16;x
52;50;118;20;R50G118B20;x
53;131;218;118;R131G218B118;x
54;78;0;114;R78G0B114;x
55;95;0;76;R95G0B76;x
56;174;95;18;R174G95B18;x
57;212;244;254;R212G244B254;x
58;157;241;28;R157G241B28;x
59;248;138;60;R248G138B60;x
60;179;39;199;R179G39B199;x
61;1;42;28;R1G42B28;x
62;213;95;19;R213G95B19;x
63;94;205;216;R94G205B216;x
64;56;194;65;R56G194B65;x
65;250;62;206;R250G62B206;x
66;3;222;82;R3G222B82;x
67;0;72;34;R0G72B34;x
68;193;4;45;R193G4B45;x
69;125;250;109;R125G250B109;x
70;79;115;31;R79G115B31;x
71;207;241;233;R207G241B233;x
72;41;251;10;R41G251B10;x
73;242;121;27;R242G121B27;x
74;231;111;59;R231G111B59;x
75;157;89;221;R157G89B221;x
76;96;81;106;R96G81B106;x
77;203;137;84;R203G137B84;x
78;4;85;31;R4G85B31;x
79;172;165;210;R172G165B210;x
80;217;148;185;R217G148B185;x
81;50;66;12;R50G66B12;x
82;55;253;180;R55G253B180;x
83;201;112;209;R201G112B209;x
84;153;156;220;R153G156B220;x
85;150;7;254;R150G7B254;x
86;175;242;172;R175G242B172;x
87;221;131;30;R221G131B30;x
88;67;27;196;R67G27B196;x
89;193;6;102;R193G6B102;x
90;104;117;56;R104G117B56;x
91;124;28;186;R124G28B186;x
92;51;174;230;R51G174B230;x
93;122;168;46;R122G168B46;x
94;38;164;108;R38G164B108;x
95;228;170;81;R228G170B81;x
96;160;139;201;R160G139B201;x
97;0;130;157;R0G130B157;x
98;209;24;56;R209G24B56;x
99;10;209;77;R10G209B77;x
100;187;92;194;R187G92B194;x
101;252;153;175;R252G153B175;x
102;79;168;198;R79G168B198;x
103;60;218;254;R60G218B254;x
104;251;114;81;R251G114B81;x
105;164;32;243;R164G32B243;x
106;21;155;18;R21G155B18;x
107;106;133;253;R106G133B253;x
108;33;19;192;R33G19B192;x
109;104;12;138;R104G12B138;x
110;90;202;167;R90G202B167;x
111;255;223;214;R255G223B214;x
112;115;16;41;R115G16B41;x
113;145;120;244;R145G120B244;x
114;249;219;124;R249G219B124;x
115;246;153;154;R246G153B154;x
116;24;228;110;R24G228B110;x
117;49;49;85;R49G49B85;x
118;166;207;48;R166G207B48;x
119;185;39;12;R185G39B12;x
120;83;181;30;R83G181B30;x
121;92;226;188;R92G226B188;x
122;25;183;120;R25G183B120;x
123;140;181;81;R140G181B81;x
124;182;29;44;R182G29B44;x
125;100;125;92;R100G125B92;x
126;90;157;48;R90G157B48;x
127;25;226;70;R25G226B70;x
128;136;218;32;R136G218B32;x
129;230;234;131;R230G234B131;x
130;153;61;190;R153G61B190;x
131;255;140;203;R255G140B203;x
132;84;228;220;R84G228B220;x
133;162;29;200;R162G29B200;x
134;91;56;144;R91G56B144;x
135;160;46;61;R160G46B61;x
136;167;107;29;R167G107B29;x
137;25;64;199;R25G64B199;x
138;87;202;62;R87G202B62;x
139;105;6;114;R105G6B114;x
140;194;85;134;R194G85B134;x
141;104;250;184;R104G250B184;x
142;114;58;178;R114G58B178;x
143;201;87;222;R201G87B222;x
144;45;158;230;R45G158B230;x
145;49;57;95;R49G57B95;x
146;29;152;235;R29G152B235;x
147;254;130;55;R254G130B55;x
148;250;21;41;R250G21B41;x
149;75;90;209;R75G90B209;x
150;164;187;234;R164G187B234;x
151;254;89;70;R254G89B70;x
152;68;72;65;R68G72B65;x
153;9;237;215;R9G237B215;x
154;214;66;210;R214G66B210;x
155;193;135;175;R193G135B175;x
156;143;83;18;R143G83B18;x
157;107;238;127;R107G238B127;x
158;250;201;125;R250G201B125;x
159;41;119;206;R41G119B206;x
160;249;227;228;R249G227B228;x
161;201;14;147;R201G14B147;x
162;167;255;205;R167G255B205;x
163;82;138;246;R82G138B246;x
164;201;141;170;R201G141B170;x
165;5;254;82;R5G254B82;x
166;88;130;144;R88G130B144;x
167;148;171;218;R148G171B218;x
168;53;176;219;R53G176B219;x
169;95;17;168;R95G17B168;x
170;17;57;213;R17G57B213;x
171;7;38;53;R7G38B53;x
172;74;165;71;R74G165B71;x
173;211;230;60;R211G230B60;x
174;111;83;124;R111G83B124;x
175;240;91;248;R240G91B248;x
176;54;189;115;R54G189B115;x
177;129;82;215;R129G82B215;x
178;215;125;13;R215G125B13;x
179;7;76;52;R7G76B52;x
180;105;67;92;R105G67B92;x
181;130;34;106;R130G34B106;x
182;54;252;30;R54G252B30;x
183;231;86;200;R231G86B200;x
184;117;82;245;R117G82B245;x
185;106;184;252;R106G184B252;x
186;25;42;112;R25G42B112;x
187;247;96;135;R247G96B135;x
188;214;10;24;R214G10B24;x
189;158;184;248;R158G184B248;x
190;27;231;242;R27G231B242;x
191;176;39;72;R176G39B72;x
192;38;83;250;R38G83B250;x
193;179;175;77;R179G175B77;x
194;192;137;242;R192G137B242;x
195;192;235;182;R192G235B182;x
196;72;219;42;R72G219B42;x
197;106;9;216;R106G9B216;x
198;51;191;50;R51G191B50;x
199;90;135;140;R90G135B140;x
200;177;17;230;R177G17B230;x
201;143;64;78;R143G64B78;x
202;4;156;28;R4G156B28;x
203;114;124;222;R114G124B222;x
204;210;65;28;R210G65B28;x
205;50;191;226;R50G191B226;x
206;109;203;98;R109G203B98;x
207;222;159;194;R222G159B194;x
208;148;137;245;R148G137B245;x
209;255;207;183;R255G207B183;x
210;165;38;143;R165G38B143;x
211;160;75;161;R160G75B161;x
212;162;220;156;R162G220B156;x
213;255;128;36;R255G128B36;x
214;36;133;178;R36G133B178;x
215;210;250;235;R210G250B235;x
216;34;91;37;R34G91B37;x
217;178;101;47;R178G101B47;x
218;248;49;201;R248G49B201;x
219;197;70;226;R197G70B226;x
220;111;136;141;R111G136B141;x
221;158;158;17;R158G158B17;x
222;160;29;22;R160G29B22;x
223;116;26;40;R116G26B40;x
224;139;172;182;R139G172B182;x
225;158;78;51;R158G78B51;x
226;140;88;130;R140G88B130;x
227;50;57;19;R50G57B19;x
228;6;80;229;R6G80B229;x
229;253;53;226;R253G53B226;x
230;2;113;241;R2G113B241;x
231;133;138;130;R133G138B130;x
232;126;200;154;R126G200B154;x
233;104;248;140;R104G248B140;x
234;230;84;236;R230G84B236;x
235;36;165;141;R36G165B141;x
236;132;255;191;R132G255B191;x
237;246;196;222;R246G196B222;x
238;129;37;154;R129G37B154;x
239;150;255;14;R150G255B14;x
240;228;20;103;R228G20B103;x
241;130;39;180;R130G39B180;x
242;44;230;64;R44G230B64;x
243;205;60;21;R205G60B21;x
244;235;137;43;R235G137B43;x
245;204;51;205;R204G51B205;x
246;149;119;110;R149G119B110;x
247;53;191;41;R53G191B41;x
248;232;190;21;R232G190B21;x
249;144;235;128;R144G235B128;x
250;109;4;35;R109G4B35;x
251;81;105;94;R81G105B94;x
252;76;128;144;R76G128B144;x
253;228;165;162;R228G165B162;x
254;167;238;109;R167G238B109;x
255;32;142;81;R32G142B81;x
256;250;66;1;R250G66B1;x
257;179;27;76;R179G27B76;x
258;176;146;253;R176G146B253;x
259;214;142;38;R214G142B38;x
260;8;86;104;R8G86B104;x
261;117;97;135;R117G97B135;x
262;210;27;183;R210G27B183;x
263;142;20;57;R142G20B57;x
264;30;183;49;R30G183B49;x
265;113;164;210;R113G164B210;x
266;189;237;132;R189G237B132;x
267;21;185;129;R21G185B129;x
268;116;10;69;R116G10B69;x
269;52;247;214;R52G247B214;x
270;57;8;124;R57G8B124;x
271;79;40;3;R79G40B3;x
272;212;141;146;R212G141B146;x
273;187;13;157;R187G13B157;x
274;64;152;165;R64G152B165;x
275;24;248;212;R24G248B212;x
276;215;60;20;R215G60B20;x
277;197;66;115;R197G66B115;x
278;238;209;34;R238G209B34;x
279;171;33;51;R171G33B51;x
280;148;92;63;R148G92B63;x
281;26;94;168;R26G94B168;x
282;21;172;150;R21G172B150;x
283;62;219;226;R62G219B226;x
284;78;60;115;R78G60B115;x
285;154;189;124;R154G189B124;x
286;33;226;255;R33G226B255;x
287;239;234;217;R239G234B217;x
288;91;189;90;R91G189B90;x
289;123;95;252;R123G95B252;x
290;155;20;95;R155G20B95;x
291;239;40;66;R239G40B66;x
292;178;163;225;R178G163B225;x
293;129;212;161;R129G212B161;x
294;175;5;63;R175G5B63;x
295;210;217;83;R210G217B83;x
296;24;98;167;R24G98B167;x
297;195;208;59;R195G208B59;x
298;9;137;177;R9G137B177;x
299;133;138;152;R133G138B152;x
300;125;104;240;R125G104B240;x
301;137;21;235;R137G21B235;x
302;83;213;154;R83G213B154;x
303;86;174;76;R86G174B76;x
304;175;74;209;R175G74B209;x
305;75;210;229;R75G210B229;x
306;220;248;77;R220G248B77;x
307;25;232;75;R25G232B75;x
308;129;68;222;R129G68B222;x
309;178;85;70;R178G85B70;x
310;184;24;215;R184G24B215;x
311;68;92;9;R68G92B9;x
312;20;174;219;R20G174B219;x
313;51;37;84;R51G37B84;x
314;44;250;199;R44G250B199;x
315;213;62;151;R213G62B151;x
316;22;231;0;R22G231B0;x
317;100;11;125;R100G11B125;x
318;75;58;185;R75G58B185;x
319;171;130;228;R171G130B228;x
320;107;200;93;R107G200B93;x
321;44;153;113;R44G153B113;x
322;188;135;173;R188G135B173;x
323;103;253;31;R103G253B31;x
324;236;136;89;R236G136B89;x
325;190;202;241;R190G202B241;x
326;131;11;33;R131G11B33;x
327;133;31;141;R133G31B141;x
328;192;172;34;R192G172B34;x
329;122;183;250;R122G183B250;x
330;77;168;229;R77G168B229;x
331;31;88;176;R31G88B176;x
332;97;205;243;R97G205B243;x
333;147;178;54;R147G178B54;x
334;157;243;51;R157G243B51;x
335;214;140;15;R214G140B15;x
336;111;56;143;R111G56B143;x
337;72;248;165;R72G248B165;x
338;242;162;185;R242G162B185;x
339;221;73;132;R221G73B132;x
340;215;208;233;R215G208B233;x
341;192;179;198;R192G179B198;x
342;63;40;72;R63G40B72;x
343;198;109;206;R198G109B206;x
344;128;7;210;R128G7B210;x
345;242;27;42;R242G27B42;x
346;74;83;234;R74G83B234;x
347;227;131;30;R227G131B30;x
348;175;11;54;R175G11B54;x
349;1;66;233;R1G66B233;x
350;30;171;92;R30G171B92;x
351;101;14;170;R101G14B170;x
352;226;168;52;R226G168B52;x
353;227;121;82;R227G121B82;x
354;124;213;247;R124G213B247;x
355;3;154;152;R3G154B152;x
356;82;33;198;R82G33B198;x
357;185;138;238;R185G138B238;x
358;167;48;170;R167G48B170;x
359;245;222;102;R245G222B102;x
360;163;124;136;R163G124B136;x
361;95;128;168;R95G128B168;x
362;245;21;228;R245G21B228;x
363;68;211;156;R68G211B156;x
364;1;236;38;R1G236B38;x
365;214;208;141;R214G208B141;x
366;140;97;104;R140G97B104;x
367;81;24;181;R81G24B181;x
368;255;15;208;R255G15B208;x
369;47;169;180;R47G169B180;x
370;64;76;195;R64G76B195;x
371;150;185;184;R150G185B184;x
372;253;199;156;R253G199B156;x
373;61;50;224;R61G50B224;x
374;4;107;35;R4G107B35;x
375;236;69;110;R236G69B110;x
376;151;75;169;R151G75B169;x
377;222;17;193;R222G17B193;x
378;233;180;242;R233G180B242;x
379;230;2;142;R230G2B142;x
380;221;111;66;R221G111B66;x
381;7;49;154;R7G49B154;x
382;238;221;183;R238G221B183;x
383;138;152;215;R138G152B215;x
384;35;83;92;R35G83B92;x
385;154;241;251;R154G241B251;x
386;82;228;222;R82G228B222;x
387;231;163;125;R231G163B125;x
388;230;15;79;R230G15B79;x
389;211;42;238;R211G42B238;x
390;220;114;56;R220G114B56;x
391;214;255;136;R214G255B136;x
392;82;226;226;R82G226B226;x
393;101;241;78;R101G241B78;x
394;83;150;49;R83G150B49;x
395;16;32;17;R16G32B17;x
396;43;186;70;R43G186B70;x
397;122;124;121;R122G124B121;x
398;51;148;235;R51G148B235;x
399;103;160;9;R103G160B9;x
400;96;103;184;R96G103B184;x
401;106;56;221;R106G56B221;x
402;171;198;54;R171G198B54;x
403;99;135;123;R99G135B123;x
404;196;249;205;R196G249B205;x
405;65;179;160;R65G179B160;x
406;2;90;126;R2G90B126;x
407;42;194;95;R42G194B95;x
408;142;93;99;R142G93B99;x
409;136;177;87;R136G177B87;x
410;71;198;21;R71G198B21;x
411;9;42;209;R9G42B209;x
412;10;157;160;R10G157B160;x
413;62;9;218;R62G9B218;x
414;43;51;174;R43G51B174;x
415;158;12;13;R158G12B13;x
416;158;162;54;R158G162B54;x
417;49;79;106;R49G79B106;x
418;215;245;199;R215G245B199;x
419;19;218;169;R19G218B169;x
420;222;234;147;R222G234B147;x
421;251;82;112;R251G82B112;x
422;50;192;94;R50G192B94;x
423;34;97;41;R34G97B41;x
424;14;133;4;R14G133B4;x
425;217;13;42;R217G13B42;x
426;104;131;117;R104G131B117;x
427;173;72;144;R173G72B144;x
428;141;248;236;R141G248B236;x
429;27;1;82;R27G1B82;x
430;197;122;226;R197G122B226;x
431;143;75;113;R143G75B113;x
432;47;201;77;R47G201B77;x
433;159;49;173;R159G49B173;x
434;142;91;154;R142G91B154;x
435;216;114;53;R216G114B53;x
436;131;17;148;R131G17B148;x
437;131;228;2;R131G228B2;x
438;126;193;15;R126G193B15;x
439;218;47;185;R218G47B185;x
440;159;176;49;R159G176B49;x
441;18;145;80;R18G145B80;x
442;104;178;22;R104G178B22;x
443;173;141;41;R173G141B41;x
444;106;144;144;R106G144B144;x
445;118;185;65;R118G185B65;x
446;189;42;149;R189G42B149;x
447;231;221;130;R231G221B130;x
448;198;250;95;R198G250B95;x
449;255;9;2;R255G9B2;x
450;234;216;155;R234G216B155;x
451;140;178;142;R140G178B142;x
452;213;187;105;R213G187B105;x
453;176;118;250;R176G118B250;x
454;201;164;2;R201G164B2;x
455;169;198;227;R169G198B227;x
456;61;99;94;R61G99B94;x
457;52;214;169;R52G214B169;x
458;212;207;133;R212G207B133;x
459;126;117;42;R126G117B42;x
460;214;231;232;R214G231B232;x
461;91;252;236;R91G252B236;x
462;6;238;86;R6G238B86;x
463;56;124;33;R56G124B33;x
464;66;226;228;R66G226B228;x
465;231;214;232;R231G214B232;x
466;116;102;154;R116G102B154;x
467;155;22;146;R155G22B146;x
468;20;115;66;R20G115B66;x
469;33;158;165;R33G158B165;x
470;130;220;102;R130G220B102;x
471;173;207;91;R173G207B91;x
472;112;115;69;R112G115B69;x
473;1;211;121;R1G211B121;x
474;188;152;243;R188G152B243;x
475;132;51;118;R132G51B118;x
476;0;146;128;R0G146B128;x
477;130;103;179;R130G103B179;x
478;11;66;19;R11G66B19;x
479;58;146;59;R58G146B59;x
480;73;75;54;R73G75B54;x
481;88;156;189;R88G156B189;x
482;25;115;162;R25G115B162;x
483;69;254;137;R69G254B137;x
484;28;223;20;R28G223B20;x
485;252;174;89;R252G174B89;x
486;100;19;201;R100G19B201;x
487;167;132;25;R167G132B25;x
488;164;76;105;R164G76B105;x
489;238;54;0;R238G54B0;x
490;37;28;20;R37G28B20;x
491;52;164;12;R52G164B12;x
492;221;107;56;R221G107B56;x
493;15;47;245;R15G47B245;x
494;229;78;32;R229G78B32;x
495;30;17;121;R30G17B121;x
496;107;117;178;R107G117B178;x
497;63;70;5;R63G70B5;x
498;169;246;178;R169G246B178;x
499;215;167;114;R215G167B114;x
500;235;56;247;R235G56B247;x
501;252;53;102;R252G53B102;x
502;25;165;62;R25G165B62;x
503;8;187;145;R8G187B145;x
504;119;151;177;R119G151B177;x
505;179;15;242;R179G15B242;x
506;232;235;139;R232G235B139;x
507;48;103;208;R48G103B208;x
508;181;212;70;R181G212B70;x
509;117;164;143;R117G164B143;x
510;215;17;198;R215G17B198;x
511;81;99;94;R81G99B94;x
512;87;159;83;R87G159B83;x
513;177;215;2;R177G215B2;x
514;148;242;43;R148G242B43;x
515;191;237;138;R191G237B138;x
516;37;131;85;R37G131B85;x
517;172;4;126;R172G4B126;x
518;105;192;196;R105G192B196;x
519;239;239;212;R239G239B212;x
520;38;164;152;R38G164B152;x
521;244;11;76;R244G11B76;x
522;249;237;17;R249G237B17;x
523;177;4;157;R177G4B157;x
524;159;47;247;R159G47B247;x
525;244;85;88;R244G85B88;x
526;33;255;51;R33G255B51;x
527;65;195;98;R65G195B98;x
528;56;197;203;R56G197B203;x
529;76;137;54;R76G137B54;x
530;165;199;17;R165G199B17;x
531;28;54;122;R28G54B122;x
532;194;121;34;R194G121B34;x
533;150;117;189;R150G117B189;x
534;194;178;58;R194G178B58;x
535;245;69;150;R245G69B150;x
536;3;7;38;R3G7B38;x
537;98;235;136;R98G235B136;x
538;213;165;232;R213G165B232;x
539;119;184;128;R119G184B128;x
540;255;93;191;R255G93B191;x
541;27;184;214;R27G184B214;x
542;199;111;4;R199G111B4;x
543;132;42;168;R132G42B168;x
544;65;219;182;R65G219B182;x
545;22;237;232;R22G237B232;x
546;109;61;103;R109G61B103;x
547;246;167;80;R246G167B80;x
548;49;198;251;R49G198B251;x
549;109;90;182;R109G90B182;x
550;236;56;75;R236G56B75;x
551;193;238;100;R193G238B100;x
552;126;202;221;R126G202B221;x
553;80;204;128;R80G204B128;x
554;207;136;86;R207G136B86;x
555;62;204;76;R62G204B76;x
556;151;31;212;R151G31B212;x
557;214;33;202;R214G33B202;x
558;91;229;144;R91G229B144;x
559;84;105;194;R84G105B194;x
560;98;8;18;R98G8B18;x
561;61;148;65;R61G148B65;x
562;32;76;253;R32G76B253;x
563;155;5;228;R155G5B228;x
564;217;59;75;R217G59B75;x
565;78;242;88;R78G242B88;x
566;199;194;94;R199G194B94;x
567;191;10;199;R191G10B199;x
568;143;162;240;R143G162B240;x
569;218;169;115;R218G169B115;x
570;121;151;230;R121G151B230;x
571;61;89;251;R61G89B251;x
572;251;11;186;R251G11B186;x
573;202;142;86;R202G142B86;x
574;70;8;112;R70G8B112;x
575;232;55;52;R232G55B52;x
576;114;21;141;R114G21B141;x
577;87;37;137;R87G37B137;x
578;97;207;41;R97G207B41;x
579;48;228;145;R48G228B145;x
580;171;227;172;R171G227B172;x
581;110;36;140;R110G36B140;x
582;248;234;113;R248G234B113;x
583;135;154;48;R135G154B48;x
584;222;149;77;R222G149B77;x
585;25;64;179;R25G64B179;x
586;2;5;51;R2G5B51;x
587;92;140;125;R92G140B125;x
588;185;233;107;R185G233B107;x
589;157;11;0;R157G11B0;x
590;90;60;224;R90G60B224;x
591;177;66;71;R177G66B71;x
592;156;220;117;R156G220B117;x
593;235;194;64;R235G194B64;x
594;97;24;10;R97G24B10;x
595;14;92;30;R14G92B30;x
596;200;104;210;R200G104B210;x
597;136;240;197;R136G240B197;x
598;225;199;172;R225G199B172;x
599;174;239;127;R174G239B127;x
600;217;122;225;R217G122B225;x
601;200;37;85;R200G37B85;x
602;191;157;53;R191G157B53;x
603;4;199;46;R4G199B46;x
604;132;196;41;R132G196B41;x
605;214;126;7;R214G126B7;x
606;242;39;181;R242G39B181;x
607;254;212;68;R254G212B68;x
608;117;252;154;R117G252B154;x
609;243;126;74;R243G126B74;x
610;232;223;119;R232G223B119;x
611;216;69;206;R216G69B206;x
612;200;250;70;R200G250B70;x
613;222;217;3;R222G217B3;x
614;134;194;117;R134G194B117;x
615;113;93;179;R113G93B179;x
616;70;28;5;R70G28B5;x
617;50;167;248;R50G167B248;x
618;73;184;27;R73G184B27;x
619;145;222;95;R145G222B95;x
620;247;65;101;R247G65B101;x
621;64;251;73;R64G251B73;x
622;249;164;169;R249G164B169;x
623;155;210;56;R155G210B56;x
624;216;113;104;R216G113B104;x
625;227;41;100;R227G41B100;x
626;53;204;4;R53G204B4;x
627;89;47;211;R89G47B211;x
628;4;58;251;R4G58B251;x
629;154;143;114;R154G143B114;x
630;81;22;156;R81G22B156;x
631;247;105;60;R247G105B60;x
632;70;69;157;R70G69B157;x
633;14;153;176;R14G153B176;x
634;237;80;55;R237G80B55;x
635;9;90;162;R9G90B162;x
636;224;200;18;R224G200B18;x
637;114;68;48;R114G68B48;x
638;242;129;214;R242G129B214;x
639;112;107;187;R112G107B187;x
640;153;226;107;R153G226B107;x
641;127;249;10;R127G249B10;x
642;37;42;195;R37G42B195;x
643;28;244;54;R28G244B54;x
644;228;130;171;R228G130B171;x
645;183;134;132;R183G134B132;x
646;115;13;243;R115G13B243;x
647;165;234;176;R165G234B176;x
648;105;11;45;R105G11B45;x
649;165;235;82;R165G235B82;x
650;220;74;47;R220G74B47;x
651;114;101;103;R114G101B103;x
652;100;99;179;R100G99B179;x
653;33;19;133;R33G19B133;x
654;220;112;195;R220G112B195;x
655;13;70;134;R13G70B134;x
656;47;225;147;R47G225B147;x
657;200;214;30;R200G214B30;x
658;26;224;194;R26G224B194;x
659;119;17;105;R119G17B105;x
660;247;216;19;R247G216B19;x
661;248;200;3;R248G200B3;x
662;3;87;67;R3G87B67;x
663;222;25;40;R222G25B40;x
664;57;22;38;R57G22B38;x
665;6;125;241;R6G125B241;x
666;56;128;98;R56G128B98;x
667;140;179;41;R140G179B41;x
668;229;135;174;R229G135B174;x
669;208;187;102;R208G187B102;x
670;35;108;166;R35G108B166;x
671;250;204;165;R250G204B165;x
672;172;6;143;R172G6B143;x
673;77;176;161;R77G176B161;x
674;160;87;81;R160G87B81;x
675;121;201;223;R121G201B223;x
676;101;170;98;R101G170B98;x
677;131;131;189;R131G131B189;x
678;129;215;236;R129G215B236;x
679;82;106;134;R82G106B134;x
680;172;69;140;R172G69B140;x
681;198;187;48;R198G187B48;x
682;155;50;205;R155G50B205;x
683;43;117;94;R43G117B94;x
684;147;61;241;R147G61B241;x
685;80;97;6;R80G97B6;x
686;117;145;181;R117G145B181;x
687;230;118;2;R230G118B2;x
688;25;120;17;R25G120B17;x
689;189;109;212;R189G109B212;x
690;120;124;248;R120G124B248;x
691;180;133;216;R180G133B216;x
692;220;248;220;R220G248B220;x
693;232;178;91;R232G178B91;x
694;206;193;10;R206G193B10;x
695;17;222;206;R17G222B206;x
696;19;5;80;R19G5B80;x
697;83;106;134;R83G106B134;x
698;114;9;159;R114G9B159;x
699;99;185;22;R99G185B22;x
700;209;145;228;R209G145B228;x
701;180;206;120;R180G206B120;x
702;253;131;142;R253G131B142;x
703;224;172;131;R224G172B131;x
704;235;191;29;R235G191B29;x
705;204;60;160;R204G60B160;x
706;83;91;106;R83G91B106;x
707;93;10;220;R93G10B220;x
708;64;115;248;R64G115B248;x
709;111;51;5;R111G51B5;x
710;212;85;103;R212G85B103;x
711;7;148;113;R7G148B113;x
712;179;3;31;R179G3B31;x
713;252;87;222;R252G87B222;x
714;1;214;0;R1G214B0;x
715;245;72;129;R245G72B129;x
716;50;183;179;R50G183B179;x
717;179;40;238;R179G40B238;x
718;74;83;194;R74G83B194;x
719;111;8;21;R111G8B21;x
720;157;138;80;R157G138B80;x
721;74;70;14;R74G70B14;x
722;42;15;0;R42G15B0;x
723;198;198;148;R198G198B148;x
724;84;126;205;R84G126B205;x
725;102;247;192;R102G247B192;x
726;86;240;182;R86G240B182;x
727;64;226;215;R64G226B215;x
728;139;207;98;R139G207B98;x
729;171;107;85;R171G107B85;x
730;88;116;19;R88G116B19;x
731;146;218;6;R146G218B6;x
732;167;180;108;R167G180B108;x
733;226;242;145;R226G242B145;x
734;242;21;166;R242G21B166;x
735;182;249;126;R182G249B126;x
736;80;81;51;R80G81B51;x
737;200;104;124;R200G104B124;x
738;230;12;3;R230G12B3;x
739;167;90;144;R167G90B144;x
740;168;244;224;R168G244B224;x
741;162;25;55;R162G25B55;x
742;111;114;44;R111G114B44;x
743;54;207;203;R54G207B203;x
744;10;110;191;R10G110B191;x
745;116;18;54;R116G18B54;x
746;232;156;157;R232G156B157;x
747;25;119;188;R25G119B188;x
748;28;237;250;R28G237B250;x
749;10;146;37;R10G146B37;x
750;213;214;212;R213G214B212;x
751;49;224;107;R49G224B107;x
752;106;119;35;R106G119B35;x
753;159;190;101;R159G190B101;x
754;126;211;218;R126G211B218;x
755;6;135;28;R6G135B28;x
756;140;130;181;R140G130B181;x
757;37;113;15;R37G113B15;x
758;178;61;235;R178G61B235;x
759;87;58;151;R87G58B151;x
760;94;125;74;R94G125B74;x
761;255;164;31;R255G164B31;x
762;105;79;225;R105G79B225;x
763;9;251;114;R9G251B114;x
764;38;47;28;R38G47B28;x
765;54;153;60;R54G153B60;x
766;231;32;122;R231G32B122;x
767;248;20;109;R248G20B109;x
768;15;34;127;R15G34B127;x
769;16;94;202;R16G94B202;x
770;182;145;203;R182G145B203;x
771;175;11;234;R175G11B234;x
772;66;200;12;R66G200B12;x
773;156;166;66;R156G166B66;x
774;114;250;47;R114G250B47;x
775;128;156;217;R128G156B217;x
776;90;254;202;R90G254B202;x
777;127;29;247;R127G29B247;x
778;197;5;50;R197G5B50;x
779;99;150;169;R99G150B169;x
780;116;222;46;R116G222B46;x
781;121;104;20;R121G104B20;x
782;54;212;94;R54G212B94;x
783;25;236;95;R25G236B95;x
784;123;83;139;R123G83B139;x
785;179;99;230;R179G99B230;x
786;204;117;176;R204G117B176;x
787;235;38;137;R235G38B137;x
788;205;72;236;R205G72B236;x
789;2;26;142;R2G26B142;x
790;23;79;55;R23G79B55;x
791;235;230;27;R235G230B27;x
792;19;174;98;R19G174B98;x
793;124;77;229;R124G77B229;x
794;8;240;71;R8G240B71;x
795;76;62;106;R76G62B106;x
796;98;247;117;R98G247B117;x
797;71;199;254;R71G199B254;x
798;67;217;12;R67G217B12;x
799;226;5;189;R226G5B189;x
800;216;224;141;R216G224B141;x
801;56;102;202;R56G102B202;x
802;235;190;148;R235G190B148;x
803;219;31;104;R219G31B104;x
804;202;220;189;R202G220B189;x
805;177;189;246;R177G189B246;x
806;106;98;193;R106G98B193;x
807;2;186;62;R2G186B62;x
808;75;131;65;R75G131B65;x
809;124;192;129;R124G192B129;x
810;230;141;114;R230G141B114;x
811;251;64;80;R251G64B80;x
812;55;201;40;R55G201B40;x
813;80;236;62;R80G236B62;x
814;254;41;179;R254G41B179;x
815;182;55;169;R182G55B169;x
816;52;251;31;R52G251B31;x
817;252;147;110;R252G147B110;x
818;144;1;110;R144G1B110;x
819;183;93;31;R183G93B31;x
820;120;106;24;R120G106B24;x
821;40;240;135;R40G240B135;x
822;255;255;245;R255G255B245;x
823;23;116;2;R23G116B2;x
824;141;231;105;R141G231B105;x
825;19;90;145;R19G90B145;x
826;210;53;182;R210G53B182;x
827;69;17;48;R69G17B48;x
828;226;194;39;R226G194B39;x
829;246;198;108;R246G198B108;x
830;29;41;110;R29G41B110;x
831;94;143;105;R94G143B105;x
832;160;151;46;R160G151B46;x
833;132;205;161;R132G205B161;x
834;245;162;192;R245G162B192;x
835;199;76;209;R199G76B209;x
836;176;24;82;R176G24B82;x
837;105;25;13;R105G25B13;x
838;41;195;30;R41G195B30;x
839;62;196;111;R62G196B111;x
840;8;37;101;R8G37B101;x
841;103;177;187;R103G177B187;x
842;219;212;115;R219G212B115;x
843;13;98;186;R13G98B186;x
844;226;126;44;R226G126B44;x
845;180;177;217;R180G177B217;x
846;131;84;240;R131G84B240;x
847;20;192;176;R20G192B176;x
848;206;8;108;R206G8B108;x
849;166;8;84;R166G8B84;x
850;230;201;94;R230G201B94;x
851;18;121;245;R18G121B245;x
852;39;194;177;R39G194B177;x
853;41;252;60;R41G252B60;x
854;2;246;188;R2G246B188;x
855;2;152;105;R2G152B105;x
856;158;58;219;R158G58B219;x
857;69;177;17;R69G177B17;x
858;235;143;141;R235G143B141;x
859;212;128;6;R212G128B6;x
860;230;19;155;R230G19B155;x
861;93;107;246;R93G107B246;x
862;96;111;95;R96G111B95;x
863;239;32;93;R239G32B93;x
864;5;18;6;R5G18B6;x
865;94;35;161;R94G35B161;x
866;228;211;220;R228G211B220;x
867;37;143;208;R37G143B208;x
868;201;190;98;R201G190B98;x
869;95;194;177;R95G194B177;x
870;68;194;24;R68G194B24;x
871;110;22;235;R110G22B235;x
872;179;81;46;R179G81B46;x
873;168;57;54;R168G57B54;x
874;38;53;206;R38G53B206;x
875;210;230;124;R210G230B124;x
876;225;162;99;R225G162B99;x
877;198;114;148;R198G114B148;x
878;147;177;247;R147G177B247;x
879;213;168;240;R213G168B240;x
880;114;77;153;R114G77B153;x
881;255;208;109;R255G208B109;x
882;219;10;14;R219G10B14;x
883;133;112;105;R133G112B105;x
884;135;20;175;R135G20B175;x
885;164;49;51;R164G49B51;x
886;61;80;202;R61G80B202;x
887;124;136;129;R124G136B129;x
888;141;110;238;R141G110B238;x
889;100;230;126;R100G230B126;x
890;40;9;52;R40G9B52;x
891;7;85;215;R7G85B215;x
892;34;50;132;R34G50B132;x
893;112;75;223;R112G75B223;x
894;19;210;22;R19G210B22;x
895;36;108;7;R36G108B7;x
896;118;133;54;R118G133B54;x
897;198;149;158;R198G149B158;x
898;38;213;118;R38G213B118;x
899;191;47;78;R191G47B78;x
900;137;184;136;R137G184B136;x
901;145;108;106;R145G108B106;x
902;95;214;88;R95G214B88;x
903;185;148;22;R185G148B22;x
904;28;41;123;R28G41B123;x
905;29;243;111;R29G243B111;x
906;128;163;35;R128G163B35;x
907;239;30;121;R239G30B121;x
908;90;186;165;R90G186B165;x
909;54;171;77;R54G171B77;x
910;231;229;140;R231G229B140;x
911;65;117;74;R65G117B74;x
912;49;136;242;R49G136B242;x
913;248;141;210;R248G141B210;x
914;20;170;140;R20G170B140;x
915;224;195;204;R224G195B204;x
916;20;110;135;R20G110B135;x
917;134;220;36;R134G220B36;x
918;71;176;113;R71G176B113;x
919;127;74;104;R127G74B104;x
920;82;22;6;R82G22B6;x
921;69;105;186;R69G105B186;x
922;225;136;57;R225G136B57;x
923;83;137;32;R83G137B32;x
924;71;143;70;R71G143B70;x
925;72;245;229;R72G245B229;x
926;107;83;117;R107G83B117;x
927;110;221;134;R110G221B134;x
928;88;12;186;R88G12B186;x
929;99;6;36;R99G6B36;x
930;6;92;63;R6G92B63;x
931;90;154;186;R90G154B186;x
932;102;202;99;R102G202B99;x
933;94;152;143;R94G152B143;x
934;254;74;151;R254G74B151;x
935;253;175;23;R253G175B23;x
936;44;157;3;R44G157B3;x
937;133;194;187;R133G194B187;x
938;95;104;233;R95G104B233;x
939;183;116;163;R183G116B163;x
940;56;28;242;R56G28B242;x
941;181;253;147;R181G253B147;x
942;48;134;170;R48G134B170;x
943;46;219;255;R46G219B255;x
944;49;161;57;R49G161B57;x
945;185;86;138;R185G86B138;x
946;166;81;99;R166G81B99;x
947;183;85;81;R183G85B81;x
948;10;255;249;R10G255B249;x
949;234;60;156;R234G60B156;x
950;222;38;88;R222G38B88;x
951;46;0;250;R46G0B250;x
952;72;207;33;R72G207B33;x
953;12;41;24;R12G41B24;x
954;69;156;139;R69G156B139;x
955;74;110;215;R74G110B215;x
956;104;149;197;R104G149B197;x
957;165;57;249;R165G57B249;x
958;118;194;175;R118G194B175;x
959;115;245;10;R115G245B10;x
960;151;177;96;R151G177B96;x
961;22;210;231;R22G210B231;x
962;174;126;105;R174G126B105;x
963;130;127;211;R130G127B211;x
964;229;175;140;R229G175B140;x
965;96;91;58;R96G91B58;x
966;81;189;100;R81G189B100;x
967;44;176;5;R44G176B5;x
968;39;208;168;R39G208B168;x
969;32;110;232;R32G110B232;x
970;136;244;216;R136G244B216;x
971;170;92;139;R170G92B139;x
972;94;232;148;R94G232B148;x
973;22;167;173;R22G167B173;x
974;193;115;127;R193G115B127;x
975;137;128;16;R137G128B16;x
976;30;18;191;R30G18B191;x
977;175;234;22;R175G234B22;x
978;65;180;247;R65G180B247;x
979;76;45;90;R76G45B90;x
980;39;108;105;R39G108B105;x
981;89;252;100;R89G252B100;x
982;166;48;85;R166G48B85;x
983;50;17;95;R50G17B95;x
984;20;57;117;R20G57B117;x
985;144;253;116;R144G253B116;x
986;124;132;48;R124G132B48;x
987;152;52;30;R152G52B30;x
988;188;118;19;R188G118B19;x
989;239;134;210;R239G134B210;x
990;27;194;35;R27G194B35;x
991;143;204;187;R143G204B187;x
992;208;14;113;R208G14B113;x
993;146;90;152;R146G90B152;x
994;3;220;24;R3G220B24;x
995;17;69;37;R17G69B37;x
996;39;200;9;R39G200B9;x
997;217;3;110;R217G3B110;x
998;187;228;75;R187G228B75;x
999;59;93;182;R59G93B182;x
1000;227;88;148;R227G88B148;x
1001;209;92;154;R209G92B154;x
1002;175;77;157;R175G77B157;x
1003;32;11;115;R32G11B115;x
1004;183;234;220;R183G234B220;x
1005;46;74;131;R46G74B131;x
1006;146;146;171;R146G146B171;x
1007;186;146;136;R186G146B136;x
1008;246;54;89;R246G54B89;x
1009;239;88;140;R239G88B140;x
1010;228;63;230;R228G63B230;x
1011;167;69;81;R167G69B81;x
1012;106;61;143;R106G61B143;x
1013;32;117;250;R32G117B250;x
1014;95;4;111;R95G4B111;x
1015;240;207;6;R240G207B6;x
1016;103;82;179;R103G82B179;x
1017;199;4;87;R199G4B87;x
1018;247;71;209;R247G71B209;x
1019;145;176;212;R145G176B212;x
1020;112;77;31;R112G77B31;x
1021;193;13;7;R193G13B7;x
1022;34;101;204;R34G101B204;x
1023;55;213;249;R55G213B249;x
1024;242;219;126;R242G219B126;x
1025;10;61;95;R10G61B95;x
1026;31;132;251;R31G132B251;x
1027;198;255;64;R198G255B64;x
1028;235;237;238;R235G237B238;x
1029;171;230;92;R171G230B92;x
1030;142;229;134;R142G229B134;x
1031;36;98;127;R36G98B127;x
1032;85;239;19;R85G239B19;x
1033;195;206;244;R195G206B244;x
1034;49;250;0;R49G250B0;x
1035;112;239;101;R112G239B101;x
1036;60;116;29;R60G116B29;x
1037;177;188;170;R177G188B170;x
1038;226;227;33;R226G227B33;x
1039;137;84;136;R137G84B136;x
1040;209;16;95;R209G16B95;x
1041;56;183;101;R56G183B101;x
1042;190;196;148;R190G196B148;x
1043;248;53;15;R248G53B15;x
1044;69;122;55;R69G122B55;x
1045;211;143;244;R211G143B244;x
1046;109;210;151;R109G210B151;x
1047;154;130;220;R154G130B220;x
1048;11;238;249;R11G238B249;x
1049;116;112;222;R116G112B222;x
1050;59;221;26;R59G221B26;x
1051;194;104;216;R194G104B216;x
1052;160;113;224;R160G113B224;x
1053;22;99;255;R22G99B255;x
1054;215;142;201;R215G142B201;x
1055;54;22;178;R54G22B178;x
1056;221;119;164;R221G119B164;x
1057;65;149;192;R65G149B192;x
1058;204;195;78;R204G195B78;x
1059;244;110;29;R244G110B29;x
1060;236;94;112;R236G94B112;x
1061;160;239;62;R160G239B62;x
1062;65;15;152;R65G15B152;x
1063;54;32;43;R54G32B43;x
1064;180;175;83;R180G175B83;x
1065;51;191;195;R51G191B195;x
1066;188;98;32;R188G98B32;x
1067;60;53;100;R60G53B100;x
1068;78;100;190;R78G100B190;x
1069;124;169;155;R124G169B155;x
1070;100;87;11;R100G87B11;x
1071;192;34;242;R192G34B242;x
1072;169;45;144;R169G45B144;x
1073;150;151;161;R150G151B161;x
1074;108;34;43;R108G34B43;x
1075;87;141;181;R87G141B181;x
1076;169;244;227;R169G244B227;x
1077;187;227;129;R187G227B129;x
1078;122;78;37;R122G78B37;x
1079;70;127;134;R70G127B134;x
1080;188;120;128;R188G120B128;x
1081;227;109;234;R227G109B234;x
1082;100;189;170;R100G189B170;x
1083;32;82;7;R32G82B7;x
1084;194;182;16;R194G182B16;x
1085;127;197;204;R127G197B204;x
1086;38;163;200;R38G163B200;x
1087;73;240;2;R73G240B2;x
1088;56;64;138;R56G64B138;x
1089;111;30;221;R111G30B221;x
1090;136;104;160;R136G104B160;x
1091;190;55;92;R190G55B92;x
1092;234;116;182;R234G116B182;x
1093;251;135;187;R251G135B187;x
1094;171;224;226;R171G224B226;x
1095;216;232;122;R216G232B122;x
1096;188;98;136;R188G98B136;x
1097;112;106;11;R112G106B11;x
1098;148;39;30;R148G39B30;x
1099;119;54;111;R119G54B111;x
1100;79;86;123;R79G86B123;x
1101;181;151;112;R181G151B112;x
1102;237;209;240;R237G209B240;x
1103;202;65;178;R202G65B178;x
1104;14;154;157;R14G154B157;x
1105;17;35;166;R17G35B166;x
1106;18;48;72;R18G48B72;x
1107;195;161;12;R195G161B12;x
1108;152;91;95;R152G91B95;x
1109;135;182;83;R135G182B83;x
1110;23;68;177;R23G68B177;x
1111;186;185;227;R186G185B227;x
1112;251;98;181;R251G98B181;x
1113;131;169;8;R131G169B8;x
1114;131;111;50;R131G111B50;x
1115;13;132;128;R13G132B128;x
1116;134;236;156;R134G236B156;x
1117;109;235;168;R109G235B168;x
1118;65;67;154;R65G67B154;x
1119;26;218;184;R26G218B184;x
1120;71;225;58;R71G225B58;x
1121;229;8;149;R229G8B149;x
1122;230;83;136;R230G83B136;x
1123;219;193;175;R219G193B175;x
1124;5;147;8;R5G147B8;x
1125;143;238;13;R143G238B13;x
1126;100;118;144;R100G118B144;x
1127;36;9;31;R36G9B31;x
1128;204;131;65;R204G131B65;x
1129;116;149;214;R116G149B214;x
1130;230;142;161;R230G142B161;x
1131;230;225;203;R230G225B203;x
1132;30;116;125;R30G116B125;x
1133;52;14;250;R52G14B250;x
1134;88;226;65;R88G226B65;x
1135;49;181;140;R49G181B140;x
1136;189;125;37;R189G125B37;x
1137;26;195;220;R26G195B220;x
1138;224;166;201;R224G166B201;x
1139;112;177;229;R112G177B229;x
1140;215;242;252;R215G242B252;x
1141;132;183;6;R132G183B6;x
1142;87;142;185;R87G142B185;x
1143;81;217;154;R81G217B154;x
1144;232;30;169;R232G30B169;x
1145;163;13;126;R163G13B126;x
1146;149;194;148;R149G194B148;x
1147;191;152;13;R191G152B13;x
1148;229;250;230;R229G250B230;x
1149;72;7;199;R72G7B199;x
1150;149;126;5;R149G126B5;x
1151;237;38;248;R237G38B248;x
1152;66;249;99;R66G249B99;x
1153;233;126;121;R233G126B121;x
1154;77;138;216;R77G138B216;x
1155;242;141;148;R242G141B148;x
1156;252;160;241;R252G160B241;x
1157;21;28;63;R21G28B63;x
1158;181;133;220;R181G133B220;x
1159;215;36;201;R215G36B201;x
1160;22;174;117;R22G174B117;x
1161;139;3;75;R139G3B75;x
1162;244;214;112;R244G214B112;x
1163;231;100;28;R231G100B28;x
1164;97;235;250;R97G235B250;x
1165;229;163;86;R229G163B86;x
1166;243;134;251;R243G134B251;x
1167;10;49;61;R10G49B61;x
1168;79;61;101;R79G61B101;x
1169;227;185;83;R227G185B83;x
1170;81;27;214;R81G27B214;x
1171;66;41;37;R66G41B37;x
1172;226;24;158;R226G24B158;x
1173;14;29;34;R14G29B34;x
1174;198;205;217;R198G205B217;x
1175;19;33;186;R19G33B186;x
1176;24;145;32;R24G145B32;x
1177;192;82;58;R192G82B58;x
1178;192;224;242;R192G224B242;x
1179;185;43;167;R185G43B167;x
1180;217;107;247;R217G107B247;x
1181;76;134;133;R76G134B133;x
1182;30;185;45;R30G185B45;x
1183;241;82;220;R241G82B220;x
1184;242;205;19;R242G205B19;x
1185;172;217;41;R172G217B41;x
1186;147;84;81;R147G84B81;x
1187;188;255;22;R188G255B22;x
1188;28;64;121;R28G64B121;x
1189;76;229;91;R76G229B91;x
1190;173;31;159;R173G31B159;x
1191;91;60;209;R91G60B209;x
1192;10;18;141;R10G18B141;x
1193;104;32;156;R104G32B156;x
1194;173;205;182;R173G205B182;x
1195;234;255;119;R234G255B119;x
1196;182;208;17;R182G208B17;x
1197;16;157;135;R16G157B135;x
1198;131;89;203;R131G89B203;x
1199;199;136;189;R199G136B189;x
1200;5;180;86;R5G180B86;x
1201;200;69;10;R200G69B10;x
1202;28;31;140;R28G31B140;x
1203;115;183;104;R115G183B104;x
1204;96;86;76;R96G86B76;x
1205;184;191;73;R184G191B73;x
1206;97;231;107;R97G231B107;x
1207;2;177;190;R2G177B190;x
1208;109;29;65;R109G29B65;x
1209;59;136;206;R59G136B206;x
1210;64;74;221;R64G74B221;x
1211;0;23;166;R0G23B166;x
1212;30;44;232;R30G44B232;x
1213;77;251;12;R77G251B12;x
1214;152;30;74;R152G30B74;x
1215;54;105;249;R54G105B249;x
1216;29;247;241;R29G247B241;x
1217;67;83;127;R67G83B127;x
1218;244;152;8;R244G152B8;x
1219;61;67;27;R61G67B27;x
1220;61;116;35;R61G116B35;x
1221;207;166;51;R207G166B51;x
1222;157;14;192;R157G14B192;x
1223;100;65;71;R100G65B71;x
1224;193;118;36;R193G118B36;x
1225;101;117;157;R101G117B157;x
1226;184;16;29;R184G16B29;x
1227;125;108;250;R125G108B250;x
1228;63;242;162;R63G242B162;x
1229;203;194;179;R203G194B179;x
1230;1;195;112;R1G195B112;x
1231;52;152;83;R52G152B83;x
1232;211;107;212;R211G107B212;x
1233;38;165;154;R38G165B154;x
1234;237;1;89;R237G1B89;x
1235;231;146;88;R231G146B88;x
1236;116;113;41;R116G113B41;x
1237;62;63;234;R62G63B234;x
1238;156;237;89;R156G237B89;x
1239;238;144;218;R238G144B218;x
1240;212;247;1;R212G247B1;x
1241;142;252;240;R142G252B240;x
1242;9;134;165;R9G134B165;x
1243;137;127;196;R137G127B196;x
1244;99;201;21;R99G201B21;x
1245;72;213;64;R72G213B64;x
1246;30;9;252;R30G9B252;x
1247;137;114;252;R137G114B252;x
1248;55;68;248;R55G68B248;x
1249;76;125;194;R76G125B194;x
1250;50;169;112;R50G169B112;x
1251;97;227;204;R97G227B204;x
1252;125;138;152;R125G138B152;x
1253;132;252;213;R132G252B213;x
1254;66;94;73;R66G94B73;x
1255;72;75;216;R72G75B216;x
1256;230;136;231;R230G136B231;x
1257;158;172;232;R158G172B232;x
1258;6;25;29;R6G25B29;x
1259;67;230;129;R67G230B129;x
1260;152;254;158;R152G254B158;x
1261;138;165;152;R138G165B152;x
1262;1;36;39;R1G36B39;x
1263;136;72;56;R136G72B56;x
1264;96;59;26;R96G59B26;x
1265;113;217;28;R113G217B28;x
1266;3;85;205;R3G85B205;x
1267;87;213;130;R87G213B130;x
1268;183;217;186;R183G217B186;x
1269;12;134;9;R12G134B9;x
1270;193;103;207;R193G103B207;x
1271;18;63;155;R18G63B155;x
1272;133;61;148;R133G61B148;x
1273;84;87;101;R84G87B101;x
1274;153;123;41;R153G123B41;x
1275;14;35;216;R14G35B216;x
1276;39;168;71;R39G168B71;x
1277;86;219;201;R86G219B201;x
1278;185;18;183;R185G18B183;x
1279;246;167;59;R246G167B59;x
1280;162;243;32;R162G243B32;x
1281;197;49;130;R197G49B130;x
1282;225;196;219;R225G196B219;x
1283;164;15;175;R164G15B175;x
1284;49;85;205;R49G85B205;x
1285;218;117;161;R218G117B161;x
1286;104;1;160;R104G1B160;x
1287;41;211;78;R41G211B78;x
1288;161;58;236;R161G58B236;x
1289;141;215;144;R141G215B144;x
1290;62;119;164;R62G119B164;x
1291;111;79;254;R111G79B254;x
1292;200;202;130;R200G202B130;x
1293;66;69;123;R66G69B123;x
1294;27;116;124;R27G116B124;x
1295;209;175;210;R209G175B210;x
1296;141;176;30;R141G176B30;x
1297;138;2;242;R138G2B242;x
1298;87;17;226;R87G17B226;x
1299;246;114;107;R246G114B107;x
1300;74;160;82;R74G160B82;x
1301;1;12;66;R1G12B66;x
1302;65;115;103;R65G115B103;x
1303;223;33;65;R223G33B65;x
1304;177;81;162;R177G81B162;x
1305;172;143;122;R172G143B122;x
1306;149;4;167;R149G4B167;x
1307;246;15;212;R246G15B212;x
1308;207;25;46;R207G25B46;x
1309;143;60;220;R143G60B220;x
1310;235;79;241;R235G79B241;x
1311;226;127;150;R226G127B150;x
1312;178;86;107;R178G86B107;x
1313;230;228;86;R230G228B86;x
1314;101;155;16;R101G155B16;x
1315;64;35;38;R64G35B38;x
1316;206;118;227;R206G118B227;x
1317;134;11;211;R134G11B211;x
1318;75;10;161;R75G10B161;x
1319;114;196;231;R114G196B231;x
1320;192;165;85;R192G165B85;x
1321;88;125;254;R88G125B254;x
1322;113;71;162;R113G71B162;x
1323;193;236;253;R193G236B253;x
1324;138;240;106;R138G240B106;x
1325;121;21;14;R121G21B14;x
1326;134;200;148;R134G200B148;x
1327;190;12;121;R190G12B121;x
1328;50;146;144;R50G146B144;x
1329;222;101;164;R222G101B164;x
1330;86;228;202;R86G228B202;x
1331;94;211;78;R94G211B78;x
1332;141;103;179;R141G103B179;x
1333;169;223;76;R169G223B76;x
1334;233;112;61;R233G112B61;x
1335;97;64;145;R97G64B145;x
1336;249;47;88;R249G47B88;x
1337;68;136;247;R68G136B247;x
1338;222;219;250;R222G219B250;x
1339;138;62;10;R138G62B10;x
1340;147;92;85;R147G92B85;x
1341;172;28;65;R172G28B65;x
1342;193;16;115;R193G16B115;x
1343;245;4;180;R245G4B180;x
1344;152;191;97;R152G191B97;x
1345;6;202;227;R6G202B227;x
1346;55;166;170;R55G166B170;x
1347;177;112;99;R177G112B99;x
1348;200;42;35;R200G42B35;x
1349;188;228;49;R188G228B49;x
1350;128;112;158;R128G112B158;x
1351;9;46;56;R9G46B56;x
1352;252;85;81;R252G85B81;x
1353;116;134;194;R116G134B194;x
1354;188;2;193;R188G2B193;x
1355;254;99;162;R254G99B162;x
1356;137;1;97;R137G1B97;x
1357;10;51;37;R10G51B37;x
1358;26;91;210;R26G91B210;x
1359;182;34;77;R182G34B77;x
1360;183;250;74;R183G250B74;x
1361;122;240;49;R122G240B49;x
1362;233;251;72;R233G251B72;x
1363;196;126;168;R196G126B168;x
1364;82;71;138;R82G71B138;x
1365;225;112;109;R225G112B109;x
1366;187;171;77;R187G171B77;x
1367;124;86;222;R124G86B222;x
1368;38;40;218;R38G40B218;x
1369;192;35;126;R192G35B126;x
1370;117;11;132;R117G11B132;x
1371;189;51;12;R189G51B12;x
1372;108;166;0;R108G166B0;x
1373;15;79;199;R15G79B199;x
1374;92;54;220;R92G54B220;x
1375;230;99;181;R230G99B181;x
1376;19;62;224;R19G62B224;x
1377;139;57;137;R139G57B137;x
1378;83;207;196;R83G207B196;x
1379;10;91;220;R10G91B220;x
1380;175;160;108;R175G160B108;x
1381;230;37;11;R230G37B11;x
1382;37;158;43;R37G158B43;x
1383;22;124;195;R22G124B195;x
1384;58;251;44;R58G251B44;x
1385;169;45;50;R169G45B50;x
1386;212;0;80;R212G0B80;x
1387;234;206;200;R234G206B200;x
1388;69;205;20;R69G205B20;x
1389;68;115;188;R68G115B188;x
1390;63;39;249;R63G39B249;x
1391;252;164;123;R252G164B123;x
1392;165;195;225;R165G195B225;x
1393;227;54;40;R227G54B40;x
1394;16;139;4;R16G139B4;x
1395;217;249;61;R217G249B61;x
1396;179;37;138;R179G37B138;x
1397;193;139;73;R193G139B73;x
1398;207;49;215;R207G49B215;x
1399;181;136;137;R181G136B137;x
1400;151;75;176;R151G75B176;x
1401;250;93;119;R250G93B119;x
1402;153;63;42;R153G63B42;x
1403;218;184;184;R218G184B184;x
1404;84;43;140;R84G43B140;x
1405;138;117;245;R138G117B245;x
1406;187;161;80;R187G161B80;x
1407;35;133;85;R35G133B85;x
1408;98;25;211;R98G25B211;x
1409;37;215;50;R37G215B50;x
1410;238;166;173;R238G166B173;x
1411;37;140;187;R37G140B187;x
1412;169;210;42;R169G210B42;x
1413;247;19;107;R247G19B107;x
1414;105;232;235;R105G232B235;x
1415;218;24;79;R218G24B79;x
1416;148;134;3;R148G134B3;x
1417;181;147;79;R181G147B79;x
1418;113;214;34;R113G214B34;x
1419;38;134;73;R38G134B73;x
1420;10;21;217;R10G21B217;x
1421;166;160;117;R166G160B117;x
1422;29;186;22;R29G186B22;x
1423;108;238;231;R108G238B231;x
1424;255;226;255;R255G226B255;x
1425;221;196;142;R221G196B142;x
1426;146;53;143;R146G53B143;x
1427;78;75;1;R78G75B1;x
1428;50;88;246;R50G88B246;x
1429;137;188;68;R137G188B68;x
1430;5;190;84;R5G190B84;x
1431;165;218;219;R165G218B219;x
1432;163;49;105;R163G49B105;x
1433;43;110;80;R43G110B80;x
1434;114;87;7;R114G87B7;x
1435;242;173;221;R242G173B221;x
1436;207;252;48;R207G252B48;x
1437;89;192;189;R89G192B189;x
1438;150;1;105;R150G1B105;x
1439;10;150;78;R10G150B78;x
1440;178;150;129;R178G150B129;x
1441;159;118;211;R159G118B211;x
1442;181;216;157;R181G216B157;x
1443;77;204;214;R77G204B214;x
1444;19;77;137;R19G77B137;x
1445;93;134;40;R93G134B40;x
1446;217;207;14;R217G207B14;x
1447;202;18;135;R202G18B135;x
1448;183;204;123;R183G204B123;x
1449;67;232;135;R67G232B135;x
1450;140;214;16;R140G214B16;x
1451;171;185;109;R171G185B109;x
1452;140;65;131;R140G65B131;x
1453;54;171;236;R54G171B236;x
1454;201;203;132;R201G203B132;x
1455;156;22;198;R156G22B198;x
1456;182;213;123;R182G213B123;x
1457;213;56;188;R213G56B188;x
1458;82;163;201;R82G163B201;x
1459;69;211;94;R69G211B94;x
1460;106;239;127;R106G239B127;x
1461;86;235;226;R86G235B226;x
1462;69;75;150;R69G75B150;x
1463;52;5;176;R52G5B176;x
1464;80;44;143;R80G44B143;x
1465;150;214;27;R150G214B27;x
1466;211;138;31;R211G138B31;x
1467;3;52;206;R3G52B206;x
1468;151;43;32;R151G43B32;x
1469;105;66;132;R105G66B132;x
1470;145;210;45;R145G210B45;x
1471;70;52;119;R70G52B119;x
1472;34;199;71;R34G199B71;x
1473;117;191;214;R117G191B214;x
1474;238;70;174;R238G70B174;x
1475;218;139;191;R218G139B191;x
1476;91;121;55;R91G121B55;x
1477;2;98;175;R2G98B175;x
1478;205;168;67;R205G168B67;x
1479;106;235;15;R106G235B15;x
1480;174;4;90;R174G4B90;x
1481;82;35;5;R82G35B5;x
1482;245;61;85;R245G61B85;x
1483;1;87;47;R1G87B47;x
1484;145;80;82;R145G80B82;x
1485;99;57;11;R99G57B11;x
1486;47;39;24;R47G39B24;x
1487;248;139;185;R248G139B185;x
1488;173;11;63;R173G11B63;x
1489;92;50;24;R92G50B24;x
1490;251;56;214;R251G56B214;x
1491;251;36;1;R251G36B1;x
1492;58;150;246;R58G150B246;x
1493;132;82;206;R132G82B206;x
1494;197;227;100;R197G227B100;x
1495;150;81;128;R150G81B128;x
1496;197;199;244;R197G199B244;x
1497;51;13;157;R51G13B157;x
1498;238;168;224;R238G168B224;x
1499;202;130;60;R202G130B60;x
1500;201;217;16;R201G217B16;x
1501;70;133;92;R70G133B92;x
1502;242;252;207;R242G252B207;x
1503;216;68;178;R216G68B178;x
1504;253;68;156;R253G68B156;x
1505;90;157;88;R90G157B88;x
1506;52;176;93;R52G176B93;x
1507;192;104;65;R192G104B65;x
1508;35;14;208;R35G14B208;x
1509;38;145;175;R38G145B175;x
1510;176;100;17;R176G100B17;x
1511;8;53;194;R8G53B194;x
1512;58;32;73;R58G32B73;x
1513;165;228;43;R165G228B43;x
1514;221;162;113;R221G162B113;x
1515;250;214;26;R250G214B26;x
1516;212;94;89;R212G94B89;x
1517;98;57;162;R98G57B162;x
1518;8;149;102;R8G149B102;x
1519;23;8;39;R23G8B39;x
1520;188;30;67;R188G30B67;x
1521;210;34;198;R210G34B198;x
1522;86;220;33;R86G220B33;x
1523;125;93;247;R125G93B247;x
1524;64;55;114;R64G55B114;x
1525;238;7;251;R238G7B251;x
1526;131;225;156;R131G225B156;x
1527;98;221;249;R98G221B249;x
1528;186;72;192;R186G72B192;x
1529;170;133;98;R170G133B98;x
1530;222;1;230;R222G1B230;x
1531;118;44;37;R118G44B37;x
1532;112;26;106;R112G26B106;x
1533;202;135;89;R202G135B89;x
1534;33;190;149;R33G190B149;x
1535;66;247;88;R66G247B88;x
1536;251;4;187;R251G4B187;x
1537;199;235;113;R199G235B113;x
1538;48;111;179;R48G111B179;x
1539;209;243;192;R209G243B192;x
1540;108;101;33;R108G101B33;x
1541;152;65;4;R152G65B4;x
1542;69;44;3;R69G44B3;x
1543;226;153;150;R226G153B150;x
1544;45;176;186;R45G176B186;x
1545;166;253;96;R166G253B96;x
1546;205;78;51;R205G78B51;x
1547;200;43;106;R200G43B106;x
1548;203;150;243;R203G150B243;x
1549;237;38;151;R237G38B151;x
1550;19;199;168;R19G199B168;x
1551;16;181;17;R16G181B17;x
1552;36;238;166;R36G238B166;x
1553;81;42;13;R81G42B13;x
1554;16;194;117;R16G194B117;x
1555;194;30;37;R194G30B37;x
1556;170;49;86;R170G49B86;x
1557;158;94;43;R158G94B43;x
1558;250;212;84;R250G212B84;x
1559;149;193;83;R149G193B83;x
1560;186;120;112;R186G120B112;x
1561;228;130;69;R228G130B69;x
1562;0;145;125;R0G145B125;x
1563;172;97;51;R172G97B51;x
1564;235;59;181;R235G59B181;x
1565;48;51;86;R48G51B86;x
1566;63;130;48;R63G130B48;x
1567;252;235;10;R252G235B10;x
1568;51;244;208;R51G244B208;x
1569;169;191;99;R169G191B99;x
1570;19;205;246;R19G205B246;x
1571;254;25;130;R254G25B130;x
1572;220;133;5;R220G133B5;x
1573;104;81;74;R104G81B74;x
1574;181;16;114;R181G16B114;x
1575;254;137;97;R254G137B97;x
1576;254;240;214;R254G240B214;x
1577;160;192;52;R160G192B52;x
1578;99;247;105;R99G247B105;x
1579;78;127;37;R78G127B37;x
1580;197;2;213;R197G2B213;x
1581;34;212;82;R34G212B82;x
1582;147;161;167;R147G161B167;x
1583;1;82;153;R1G82B153;x
1584;17;41;234;R17G41B234;x
1585;234;62;173;R234G62B173;x
1586;214;139;221;R214G139B221;x
1587;163;218;156;R163G218B156;x
1588;127;10;194;R127G10B194;x
1589;130;76;8;R130G76B8;x
1590;173;103;196;R173G103B196;x
1591;215;106;212;R215G106B212;x
1592;95;4;253;R95G4B253;x
1593;242;175;191;R242G175B191;x
1594;75;214;161;R75G214B161;x
1595;68;162;220;R68G162B220;x
1596;15;143;98;R15G143B98;x
1597;222;74;233;R222G74B233;x
1598;252;164;28;R252G164B28;x
1599;100;140;171;R100G140B171;x
1600;131;237;117;R131G237B117;x
1601;27;192;233;R27G192B233;x
1602;237;19;82;R237G19B82;x
1603;111;115;50;R111G115B50;x
1604;154;16;26;R154G16B26;x
1605;156;86;139;R156G86B139;x
1606;239;56;16;R239G56B16;x
1607;240;211;214;R240G211B214;x
1608;147;99;15;R147G99B15;x
1609;117;155;134;R117G155B134;x
1610;15;108;95;R15G108B95;x
1611;208;155;242;R208G155B242;x
1612;165;53;251;R165G53B251;x
1613;242;231;67;R242G231B67;x
1614;64;203;128;R64G203B128;x
1615;10;166;197;R10G166B197;x
1616;62;97;78;R62G97B78;x
1617;85;66;26;R85G66B26;x
1618;157;139;146;R157G139B146;x
1619;117;102;75;R117G102B75;x
1620;87;63;40;R87G63B40;x
1621;53;134;15;R53G134B15;x
1622;33;7;144;R33G7B144;x
1623;174;86;241;R174G86B241;x
1624;82;76;108;R82G76B108;x
1625;76;211;53;R76G211B53;x
1626;119;173;107;R119G173B107;x
1627;165;132;24;R165G132B24;x
1628;207;173;114;R207G173B114;x
1629;41;226;39;R41G226B39;x
1630;174;15;101;R174G15B101;x
1631;113;89;146;R113G89B146;x
1632;171;233;71;R171G233B71;x
1633;97;219;216;R97G219B216;x
1634;130;14;250;R130G14B250;x
1635;139;161;192;R139G161B192;x
1636;11;157;149;R11G157B149;x
1637;19;156;227;R19G156B227;x
1638;24;238;239;R24G238B239;x
1639;67;142;46;R67G142B46;x
1640;68;86;75;R68G86B75;x
1641;4;193;87;R4G193B87;x
1642;17;146;182;R17G146B182;x
1643;59;120;79;R59G120B79;x
1644;249;20;218;R249G20B218;x
1645;239;74;90;R239G74B90;x
1646;102;240;36;R102G240B36;x
1647;45;238;91;R45G238B91;x
1648;112;108;119;R112G108B119;x
1649;164;55;83;R164G55B83;x
1650;135;72;40;R135G72B40;x
1651;111;57;189;R111G57B189;x
1652;27;98;212;R27G98B212;x
1653;249;97;180;R249G97B180;x
1654;152;222;237;R152G222B237;x
1655;127;214;165;R127G214B165;x
1656;104;151;0;R104G151B0;x
1657;142;211;6;R142G211B6;x
1658;70;212;133;R70G212B133;x
1659;19;55;186;R19G55B186;x
1660;178;94;28;R178G94B28;x
1661;255;30;150;R255G30B150;x
1662;249;80;201;R249G80B201;x
1663;106;252;186;R106G252B186;x
1664;100;254;227;R100G254B227;x
1665;225;220;183;R225G220B183;x
1666;224;218;220;R224G218B220;x
1667;162;228;157;R162G228B157;x
1668;108;202;27;R108G202B27;x
1669;189;238;28;R189G238B28;x
1670;161;227;51;R161G227B51;x
1671;3;55;33;R3G55B33;x
1672;205;93;178;R205G93B178;x
1673;223;222;112;R223G222B112;x
1674;239;24;183;R239G24B183;x
1675;72;57;183;R72G57B183;x
1676;52;155;61;R52G155B61;x
1677;53;157;9;R53G157B9;x
1678;105;223;46;R105G223B46;x
1679;207;69;212;R207G69B212;x
1680;57;129;24;R57G129B24;x
1681;238;159;77;R238G159B77;x
1682;159;83;34;R159G83B34;x
1683;159;174;240;R159G174B240;x
1684;235;121;39;R235G121B39;x
1685;200;80;53;R200G80B53;x
1686;123;48;87;R123G48B87;x
1687;64;191;48;R64G191B48;x
1688;14;125;169;R14G125B169;x
1689;87;137;82;R87G137B82;x
1690;131;52;164;R131G52B164;x
1691;37;130;72;R37G130B72;x
1692;225;96;250;R225G96B250;x
1693;147;7;93;R147G7B93;x
1694;156;166;223;R156G166B223;x
1695;220;40;116;R220G40B116;x
1696;172;215;47;R172G215B47;x
1697;124;10;53;R124G10B53;x
1698;242;41;144;R242G41B144;x
1699;50;183;112;R50G183B112;x
1700;217;102;110;R217G102B110;x
1701;137;87;243;R137G87B243;x
1702;38;157;168;R38G157B168;x
1703;84;58;119;R84G58B119;x
1704;244;107;59;R244G107B59;x
1705;152;13;58;R152G13B58;x
1706;209;216;103;R209G216B103;x
1707;112;215;71;R112G215B71;x
1708;70;22;69;R70G22B69;x
1709;174;88;98;R174G88B98;x
1710;37;65;64;R37G65B64;x
1711;247;124;235;R247G124B235;x
1712;156;136;59;R156G136B59;x
1713;243;167;77;R243G167B77;x
1714;32;20;28;R32G20B28;x
1715;109;48;181;R109G48B181;x
1716;187;220;233;R187G220B233;x
1717;170;178;27;R170G178B27;x
1718;91;113;80;R91G113B80;x
1719;228;212;181;R228G212B181;x
1720;174;252;176;R174G252B176;x
1721;87;214;81;R87G214B81;x
1722;42;80;146;R42G80B146;x
1723;220;100;238;R220G100B238;x
1724;192;106;87;R192G106B87;x
1725;73;29;45;R73G29B45;x
1726;30;115;148;R30G115B148;x
1727;160;237;118;R160G237B118;x
1728;6;135;45;R6G135B45;x
1729;114;146;40;R114G146B40;x
1730;219;78;35;R219G78B35;x
1731;215;104;66;R215G104B66;x
1732;247;147;198;R247G147B198;x
1733;201;78;9;R201G78B9;x
1734;42;54;107;R42G54B107;x
1735;202;197;178;R202G197B178;x
1736;28;116;140;R28G116B140;x
1737;88;155;194;R88G155B194;x
1738;144;112;158;R144G112B158;x
1739;217;204;150;R217G204B150;x
1740;5;227;24;R5G227B24;x
1741;78;247;77;R78G247B77;x
1742;29;99;174;R29G99B174;x
1743;240;120;249;R240G120B249;x
1744;76;117;44;R76G117B44;x
1745;240;75;254;R240G75B254;x
1746;250;77;226;R250G77B226;x
1747;65;72;104;R65G72B104;x
1748;202;155;112;R202G155B112;x
1749;248;238;76;R248G238B76;x
1750;94;200;150;R94G200B150;x
1751;107;173;91;R107G173B91;x
1752;224;20;92;R224G20B92;x
1753;10;214;215;R10G214B215;x
1754;56;118;156;R56G118B156;x
1755;179;181;20;R179G181B20;x
1756;213;34;224;R213G34B224;x
1757;174;165;137;R174G165B137;x
1758;213;161;157;R213G161B157;x
1759;136;230;88;R136G230B88;x
1760;207;116;202;R207G116B202;x
1761;198;96;26;R198G96B26;x
1762;172;112;195;R172G112B195;x
1763;105;31;212;R105G31B212;x
1764;86;247;255;R86G247B255;x
1765;90;123;185;R90G123B185;x
1766;228;201;150;R228G201B150;x
1767;194;242;119;R194G242B119;x
1768;143;40;25;R143G40B25;x
1769;134;182;58;R134G182B58;x
1770;101;209;216;R101G209B216;x
1771;161;85;115;R161G85B115;x
1772;60;200;195;R60G200B195;x
1773;217;10;200;R217G10B200;x
1774;246;164;86;R246G164B86;x
1775;253;105;188;R253G105B188;x
1776;33;4;19;R33G4B19;x
1777;254;67;220;R254G67B220;x
1778;52;186;21;R52G186B21;x
1779;46;250;110;R46G250B110;x
1780;76;147;35;R76G147B35;x
1781;178;37;43;R178G37B43;x
1782;129;171;6;R129G171B6;x
1783;90;182;248;R90G182B248;x
1784;129;236;98;R129G236B98;x
1785;96;97;210;R96G97B210;x
1786;96;93;16;R96G93B16;x
1787;147;77;26;R147G77B26;x
1788;12;69;203;R12G69B203;x
1789;239;183;203;R239G183B203;x
1790;19;153;133;R19G153B133;x
1791;5;111;87;R5G111B87;x
1792;181;230;209;R181G230B209;x
1793;91;181;221;R91G181B221;x
1794;74;98;189;R74G98B189;x
1795;121;234;115;R121G234B115;x
1796;150;158;88;R150G158B88;x
1797;42;86;54;R42G86B54;x
1798;158;170;99;R158G170B99;x
1799;218;83;79;R218G83B79;x
1800;250;132;188;R250G132B188;x
1801;68;166;77;R68G166B77;x
1802;34;115;216;R34G115B216;x
1803;218;9;53;R218G9B53;x
1804;113;201;119;R113G201B119;x
1805;61;94;97;R61G94B97;x
1806;153;40;92;R153G40B92;x
1807;211;38;249;R211G38B249;x
1808;142;227;144;R142G227B144;x
1809;157;224;9;R157G224B9;x
1810;185;231;144;R185G231B144;x
1811;222;37;85;R222G37B85;x
1812;252;26;124;R252G26B124;x
1813;175;147;100;R175G147B100;x
1814;253;168;127;R253G168B127;x
1815;162;39;230;R162G39B230;x
1816;84;184;248;R84G184B248;x
1817;202;226;251;R202G226B251;x
1818;233;53;220;R233G53B220;x
1819;228;28;16;R228G28B16;x
1820;14;79;75;R14G79B75;x
1821;220;241;154;R220G241B154;x
1822;222;57;183;R222G57B183;x
1823;121;147;76;R121G147B76;x
1824;170;207;48;R170G207B48;x
1825;57;133;26;R57G133B26;x
1826;254;222;133;R254G222B133;x
1827;55;127;245;R55G127B245;x
1828;32;241;41;R32G241B41;x
1829;205;14;208;R205G14B208;x
1830;116;89;232;R116G89B232;x
1831;123;248;23;R123G248B23;x
1832;0;55;118;R0G55B118;x
1833;145;59;179;R145G59B179;x
1834;67;107;60;R67G107B60;x
1835;194;47;19;R194G47B19;x
1836;250;36;146;R250G36B146;x
1837;204;19;87;R204G19B87;x
1838;153;45;182;R153G45B182;x
1839;215;191;228;R215G191B228;x
1840;65;59;34;R65G59B34;x
1841;47;81;38;R47G81B38;x
1842;78;123;174;R78G123B174;x
1843;170;7;238;R170G7B238;x
1844;65;136;175;R65G136B175;x
1845;101;33;166;R101G33B166;x
1846;191;174;152;R191G174B152;x
1847;147;79;148;R147G79B148;x
1848;234;44;10;R234G44B10;x
1849;144;32;89;R144G32B89;x
1850;106;237;197;R106G237B197;x
1851;238;80;127;R238G80B127;x
1852;142;85;94;R142G85B94;x
1853;163;252;224;R163G252B224;x
1854;217;19;134;R217G19B134;x
1855;98;127;130;R98G127B130;x
1856;119;234;79;R119G234B79;x
1857;154;182;87;R154G182B87;x
1858;47;118;137;R47G118B137;x
1859;106;165;14;R106G165B14;x
1860;184;87;55;R184G87B55;x
1861;136;147;157;R136G147B157;x
1862;211;250;221;R211G250B221;x
1863;42;177;154;R42G177B154;x
1864;214;135;17;R214G135B17;x
1865;169;239;93;R169G239B93;x
1866;117;43;9;R117G43B9;x
1867;66;68;227;R66G68B227;x
1868;124;238;125;R124G238B125;x
1869;165;50;15;R165G50B15;x
1870;150;15;54;R150G15B54;x
1871;127;47;107;R127G47B107;x
1872;109;102;75;R109G102B75;x
1873;90;65;209;R90G65B209;x
1874;197;150;18;R197G150B18;x
1875;196;160;90;R196G160B90;x
1876;184;180;79;R184G180B79;x
1877;4;148;220;R4G148B220;x
1878;160;191;70;R160G191B70;x
1879;234;25;100;R234G25B100;x
1880;114;229;70;R114G229B70;x
1881;56;72;48;R56G72B48;x
1882;247;142;204;R247G142B204;x
1883;230;48;33;R230G48B33;x
1884;173;103;115;R173G103B115;x
1885;4;145;38;R4G145B38;x
1886;252;46;189;R252G46B189;x
1887;171;38;49;R171G38B49;x
1888;36;144;177;R36G144B177;x
1889;202;225;179;R202G225B179;x
1890;159;0;138;R159G0B138;x
1891;255;32;192;R255G32B192;x
1892;230;0;169;R230G0B169;x
1893;135;215;8;R135G215B8;x
1894;233;149;51;R233G149B51;x
1895;250;201;163;R250G201B163;x
1896;91;101;228;R91G101B228;x
1897;244;218;105;R244G218B105;x
1898;131;4;14;R131G4B14;x
1899;53;124;136;R53G124B136;x
1900;59;95;179;R59G95B179;x
1901;20;183;99;R20G183B99;x
1902;65;62;54;R65G62B54;x
1903;36;30;194;R36G30B194;x
1904;132;89;86;R132G89B86;x
1905;160;134;136;R160G134B136;x
1906;121;169;53;OCEAN;x
1907;84;171;55;OCEAN;x
1908;172;238;71;OCEAN;x
1909;27;95;77;OCEAN;x
1910;61;140;34;OCEAN;x
1911;195;187;109;OCEAN;x
1912;235;239;45;OCEAN;x
1913;146;133;4;OCEAN;x
1914;102;218;62;OCEAN;x
1915;1;104;108;OCEAN;x
1916;93;214;175;OCEAN;x
1917;41;68;67;OCEAN;x
1918;245;85;83;OCEAN;x
1919;173;52;118;OCEAN;x
1920;186;15;20;OCEAN;x
1921;160;254;206;OCEAN;x
1922;73;122;64;OCEAN;x
1923;23;203;158;OCEAN;x
1924;66;23;146;OCEAN;x
1925;253;0;176;OCEAN;x
1926;215;183;123;OCEAN;x
1927;96;238;85;OCEAN;x
1928;23;100;154;OCEAN;x
1929;130;183;95;OCEAN;x
1930;94;114;59;OCEAN;x
1931;100;188;176;OCEAN;x
1932;115;126;173;OCEAN;x
1933;250;115;114;OCEAN;x
1934;244;88;39;OCEAN;x
1935;180;13;25;OCEAN;x
1936;211;94;145;OCEAN;x
1937;52;170;216;OCEAN;x
1938;233;14;88;OCEAN;x
1939;189;222;103;OCEAN;x
1940;155;99;73;OCEAN;x
1941;232;226;40;OCEAN;x
1942;7;24;178;OCEAN;x
1943;250;62;246;OCEAN;x
1944;8;7;214;OCEAN;x
1945;11;223;226;OCEAN;x
1946;41;167;41;OCEAN;x
1947;150;98;239;OCEAN;x
1948;146;145;175;OCEAN;x
1949;244;13;185;OCEAN;x
1950;17;125;23;OCEAN;x
1951;169;35;250;OCEAN;x
1952;238;21;169;OCEAN;x
1953;80;6;136;OCEAN;x
1954;111;76;2;OCEAN;x
1955;88;6;183;OCEAN;x
1956;242;87;72;OCEAN;x
1957;20;107;28;OCEAN;x
1958;16;50;186;OCEAN;x
1959;216;185;72;OCEAN;x
1960;232;212;184;OCEAN;x
1961;208;121;127;OCEAN;x
1962;147;87;158;OCEAN;x
1963;173;189;2;OCEAN;x
1964;76;51;99;OCEAN;x
1965;212;199;221;OCEAN;x
1966;163;20;32;OCEAN;x
1967;212;153;40;OCEAN;x
1968;237;183;49;OCEAN;x
1969;10;41;157;OCEAN;x
1970;148;59;171;OCEAN;x
1971;113;36;101;OCEAN;x
1972;65;151;167;OCEAN;x
1973;17;63;166;OCEAN;x
1974;115;146;249;OCEAN;x
1975;2;165;139;OCEAN;x
1976;53;141;248;OCEAN;x
1977;239;225;198;OCEAN;x
1978;51;217;135;OCEAN;x
1979;15;163;65;OCEAN;x
1980;92;190;49;OCEAN;x
1981;227;108;82;OCEAN;x
1982;234;206;171;OCEAN;x
1983;154;218;66;OCEAN;x
1984;83;110;209;OCEAN;x
1985;255;205;133;OCEAN;x
1986;162;230;82;OCEAN;x
1987;169;195;161;OCEAN;x
1988;67;150;199;OCEAN;x
1989;54;215;169;OCEAN;x
1990;243;154;238;OCEAN;x
1991;235;75;171;OCEAN;x
1992;227;31;53;OCEAN;x
1993;43;40;28;OCEAN;x
1994;169;55;136;OCEAN;x
1995;225;168;90;OCEAN;x
1996;241;102;90;OCEAN;x
1997;202;165;148;OCEAN;x
1998;73;174;81;OCEAN;x
1999;16;238;53;OCEAN;x
2000;107;120;229;OCEAN;x
2001;161;160;160;OCEAN;x
2002;56;18;61;OCEAN;x
2003;100;130;218;OCEAN;x
2004;114;252;61;OCEAN;x
2005;52;222;151;OCEAN;x
2006;208;33;137;OCEAN;x
2007;179;100;158;OCEAN;x
2008;164;174;87;OCEAN;x
2009;137;248;14;OCEAN;x
2010;33;84;89;OCEAN;x
2011;67;103;36;OCEAN;x
2012;156;215;39;OCEAN;x
2013;112;132;198;OCEAN;x
2014;217;71;224;OCEAN;x
2015;165;192;189;OCEAN;x
2016;132;42;229;OCEAN;x
2017;39;166;208;OCEAN;x
2018;31;148;122;OCEAN;x
2019;144;81;208;OCEAN;x
2020;242;201;162;OCEAN;x
2021;27;218;8;OCEAN;x
2022;225;76;160;OCEAN;x
2023;46;227;176;OCEAN;x
2024;90;235;84;OCEAN;x
2025;7;242;159;OCEAN;x
2026;26;207;182;OCEAN;x
2027;229;95;180;OCEAN;x
2028;186;170;123;OCEAN;x
2029;120;213;77;OCEAN;x
2030;67;184;214;OCEAN;x
2031;141;26;118;OCEAN;x
2032;71;226;106;OCEAN;x
2033;82;8;216;OCEAN;x
2034;185;241;247;OCEAN;x
2035;228;32;233;OCEAN;x
2036;70;134;61;OCEAN;x
2037;22;12;9;OCEAN;x
2038;94;20;92;OCEAN;x
2039;111;125;172;OCEAN;x
2040;45;253;228;OCEAN;x
2041;82;116;126;OCEAN;x
2042;162;149;162;OCEAN;x
2043;129;25;213;OCEAN;x
2044;21;250;25;OCEAN;x
2045;55;44;77;OCEAN;x
2046;148;41;241;OCEAN;x
2047;11;167;142;OCEAN;x
2048;208;249;110;OCEAN;x
2049;245;194;60;OCEAN;x
2050;227;203;133;OCEAN;x
2051;31;136;223;OCEAN;x
2052;24;209;218;OCEAN;x
2053;158;238;224;OCEAN;x
2054;53;146;219;OCEAN;x
2055;227;13;78;OCEAN;x
2056;240;134;183;OCEAN;x
2057;88;186;109;OCEAN;x
2058;108;81;196;OCEAN;x
2059;254;60;29;OCEAN;x
2060;73;142;174;OCEAN;x
2061;128;47;216;OCEAN;x
2062;47;192;75;OCEAN;x
2063;40;130;69;OCEAN;x
2064;223;148;18;OCEAN;x
2065;90;65;125;OCEAN;x
2066;185;81;37;OCEAN;x
2067;77;120;10;OCEAN;x
2068;8;229;103;OCEAN;x
2069;138;214;105;OCEAN;x
2070;136;53;4;OCEAN;x
2071;143;50;212;OCEAN;x
2072;97;220;166;OCEAN;x
2073;119;139;80;OCEAN;x
2074;76;123;248;OCEAN;x
2075;184;156;175;OCEAN;x
2076;100;7;181;OCEAN;x
2077;214;97;78;OCEAN;x
2078;174;114;95;OCEAN;x
2079;188;189;128;OCEAN;x
2080;206;215;246;OCEAN;x
2081;213;225;223;OCEAN;x
2082;216;75;16;OCEAN;x
2083;141;210;143;OCEAN;x
2084;103;200;84;OCEAN;x
2085;21;159;140;OCEAN;x
2086;152;58;195;OCEAN;x
2087;229;109;135;OCEAN;x
2088;210;229;221;OCEAN;x
2089;235;54;42;OCEAN;x
2090;40;149;114;OCEAN;x
2091;175;188;223;OCEAN;x
2092;147;32;252;OCEAN;x
2093;239;162;128;OCEAN;x
2094;165;187;183;OCEAN;x
2095;79;116;169;OCEAN;x
2096;141;140;50;OCEAN;x
2097;239;34;105;OCEAN;x
2098;58;218;31;OCEAN;x
2099;67;201;16;OCEAN;x
2100;228;3;151;OCEAN;x
2101;241;198;198;OCEAN;x
2102;16;222;219;OCEAN;x
2103;70;161;223;OCEAN;x
2104;48;48;30;OCEAN;x
2105;55;141;111;OCEAN;x
2106;192;44;199;OCEAN;x
2107;206;140;170;OCEAN;x
2108;87;170;138;OCEAN;x
2109;241;139;198;OCEAN;x
2110;20;72;213;OCEAN;x
2111;20;155;113;OCEAN;x
2112;111;7;240;OCEAN;x
2113;2;32;249;OCEAN;x
2114;39;64;23;OCEAN;x
2115;46;21;224;OCEAN;x
2116;98;241;85;OCEAN;x
2117;36;149;10;OCEAN;x
2118;220;109;12;OCEAN;x
2119;42;59;200;OCEAN;x
2120;49;207;178;OCEAN;x
2121;228;212;183;OCEAN;x
2122;230;219;208;OCEAN;x
2123;41;161;124;OCEAN;x
2124;1;211;227;OCEAN;x
2125;243;86;229;OCEAN;x
2126;160;138;253;OCEAN;x
2127;142;131;189;OCEAN;x
2128;137;130;137;OCEAN;x
2129;183;132;194;OCEAN;x
2130;156;85;196;OCEAN;x
2131;190;88;120;OCEAN;x
2132;195;38;241;OCEAN;x
2133;82;149;106;OCEAN;x
2134;169;29;57;OCEAN;x
2135;113;61;85;OCEAN;x
2136;54;160;74;OCEAN;x
2137;140;14;238;OCEAN;x
2138;193;207;33;OCEAN;x
2139;142;153;24;OCEAN;x
2140;171;210;50;OCEAN;x
2141;229;33;53;OCEAN;x
2142;215;174;105;OCEAN;x
2143;99;187;180;OCEAN;x
2144;245;98;53;OCEAN;x
2145;221;110;134;OCEAN;x
2146;240;10;202;OCEAN;x
2147;73;190;12;OCEAN;x
2148;136;62;162;OCEAN;x
2149;227;82;212;OCEAN;x
2150;238;45;208;OCEAN;x
2151;93;50;155;OCEAN;x
2152;16;43;32;OCEAN;x
2153;11;182;143;OCEAN;x
2154;232;40;29;OCEAN;x
2155;178;135;150;OCEAN;x
2156;5;119;164;OCEAN;x
2157;218;235;170;OCEAN;x
2158;201;104;1;OCEAN;x
2159;128;31;172;OCEAN;x
2160;40;179;52;OCEAN;x
2161;79;150;29;OCEAN;x
2162;198;42;6;OCEAN;x
2163;8;88;26;OCEAN;x
2164;48;212;62;OCEAN;x
2165;188;70;131;OCEAN;x
2166;232;255;245;OCEAN;x
2167;246;205;145;OCEAN;x
2168;231;238;156;OCEAN;x
2169;246;76;112;OCEAN;x
2170;10;197;199;OCEAN;x
2171;22;2;142;OCEAN;x
2172;157;64;89;OCEAN;x
2173;182;36;20;OCEAN;x
2174;33;248;208;OCEAN;x
2175;228;242;239;OCEAN;x
2176;79;94;75;OCEAN;x
2177;100;1;139;OCEAN;x
2178;170;183;84;OCEAN;x
2179;229;1;161;OCEAN;x
2180;90;192;148;OCEAN;x
2181;67;24;229;OCEAN;x
2182;159;32;240;OCEAN;x
2183;164;210;122;OCEAN;x
2184;115;176;167;OCEAN;x
2185;245;241;124;OCEAN;x
2186;243;186;145;OCEAN;x
2187;234;37;161;OCEAN;x
2188;140;103;236;OCEAN;x
2189;201;212;148;OCEAN;x
2190;218;249;131;OCEAN;x
2191;245;142;143;OCEAN;x
2192;37;209;26;OCEAN;x
2193;5;18;10;OCEAN;x
2194;183;95;232;OCEAN;x
2195;112;54;26;OCEAN;x
2196;3;164;32;OCEAN;x
2197;117;98;242;OCEAN;x
2198;243;49;212;OCEAN;x
2199;238;7;85;OCEAN;x
2200;132;158;92;OCEAN;x
2201;217;86;171;OCEAN;x
2202;235;47;221;OCEAN;x
2203;123;4;94;OCEAN;x
2204;46;14;199;OCEAN;x
2205;179;98;146;OCEAN;x
2206;205;238;221;OCEAN;x
2207;93;63;212;OCEAN;x
2208;207;29;166;OCEAN;x
2209;96;156;78;OCEAN;x
2210;13;96;15;OCEAN;x
2211;100;188;229;OCEAN;x
2212;68;208;128;OCEAN;x
2213;214;163;252;OCEAN;x
2214;63;182;203;OCEAN;x
2215;81;183;60;OCEAN;x
2216;18;116;165;OCEAN;x
2217;58;142;149;OCEAN;x
2218;174;202;11;OCEAN;x
2219;182;232;41;OCEAN;x
2220;171;101;170;OCEAN;x
2221;98;102;157;OCEAN;x
2222;49;141;215;OCEAN;x
2223;57;202;17;OCEAN;x
2224;48;224;57;OCEAN;x
2225;94;206;248;OCEAN;x
2226;150;71;27;OCEAN;x
2227;208;119;32;OCEAN;x
2228;231;248;119;OCEAN;x
2229;199;18;37;OCEAN;x
2230;32;71;81;OCEAN;x
2231;143;160;27;OCEAN;x
2232;195;164;57;OCEAN;x
2233;70;223;151;OCEAN;x
2234;225;101;75;OCEAN;x
2235;105;98;97;OCEAN;x
2236;23;254;248;OCEAN;x
2237;156;26;97;OCEAN;x
2238;13;244;92;OCEAN;x
2239;10;164;15;OCEAN;x
2240;214;247;72;OCEAN;x
2241;200;240;206;OCEAN;x
2242;57;89;252;OCEAN;x
2243;244;41;60;OCEAN;x
2244;198;100;19;OCEAN;x
2245;180;136;25;OCEAN;x
2246;16;160;178;OCEAN;x
2247;94;91;96;OCEAN;x
2248;151;129;59;OCEAN;x
2249;19;134;185;OCEAN;x
2250;103;41;76;OCEAN;x
2251;239;176;28;OCEAN;x
2252;187;109;54;OCEAN;x
2253;121;19;122;OCEAN;x
2254;116;158;143;OCEAN;x
2255;28;205;225;OCEAN;x
2256;94;107;112;OCEAN;x
2257;85;122;194;OCEAN;x
2258;104;204;200;OCEAN;x
2259;74;96;198;OCEAN;x
2260;61;12;243;OCEAN;x
2261;42;187;233;OCEAN;x
2262;190;163;150;OCEAN;x
2263;221;209;105;OCEAN;x
2264;17;88;9;OCEAN;x
2265;63;247;43;OCEAN;x
2266;100;81;144;OCEAN;x
2267;51;92;67;OCEAN;x
2268;70;198;130;OCEAN;x
2269;215;81;122;OCEAN;x
2270;136;16;156;OCEAN;x
2271;42;1;166;OCEAN;x
2272;128;126;124;OCEAN;x
2273;197;129;173;OCEAN;x
2274;167;168;135;OCEAN;x
2275;168;193;123;OCEAN;x
2276;182;167;138;OCEAN;x
2277;16;58;102;OCEAN;x
2278;6;146;58;OCEAN;x
2279;77;147;154;OCEAN;x
2280;164;116;230;OCEAN;x
2281;105;219;173;OCEAN;x
2282;117;8;132;OCEAN;x
2283;67;229;195;OCEAN;x
2284;141;2;217;OCEAN;x
2285;130;180;211;OCEAN;x
2286;245;140;152;OCEAN;x
2287;223;248;20;OCEAN;x
2288;250;143;217;OCEAN;x
2289;150;116;158;OCEAN;x
2290;144;65;212;OCEAN;x
2291;84;19;241;OCEAN;x
2292;249;226;34;OCEAN;x
2293;255;157;195;OCEAN;x
2294;210;179;5;OCEAN;x
2295;191;123;21;OCEAN;x
2296;58;54;8;OCEAN;x
2297;247;199;37;OCEAN;x
2298;117;80;137;OCEAN;x
2299;148;124;233;OCEAN;x
2300;172;51;25;OCEAN;x
2301;148;160;114;OCEAN;x
2302;95;251;47;OCEAN;x
2303;132;113;90;OCEAN;x
2304;231;234;42;OCEAN;x
2305;5;241;64;OCEAN;x
2306;180;153;225;OCEAN;x
2307;73;247;55;OCEAN;x
2308;110;225;100;OCEAN;x
2309;107;63;24;OCEAN;x
2310;248;53;46;OCEAN;x
2311;16;17;211;OCEAN;x
2312;127;75;62;OCEAN;x
2313;55;124;222;OCEAN;x
2314;203;147;125;OCEAN;x
2315;28;20;211;OCEAN;x
2316;7;69;242;OCEAN;x
2317;140;142;178;OCEAN;x
2318;207;62;68;OCEAN;x
2319;153;204;144;OCEAN;x
2320;93;106;158;OCEAN;x
2321;21;125;218;OCEAN;x
2322;175;186;69;OCEAN;x
2323;107;247;173;OCEAN;x
2324;82;122;204;OCEAN;x
2325;67;186;234;OCEAN;x
2326;226;221;210;OCEAN;x
2327;145;178;75;OCEAN;x
2328;234;60;61;OCEAN;x
2329;99;138;106;OCEAN;x
2330;49;99;38;OCEAN;x
2331;62;234;97;OCEAN;x
2332;60;205;164;OCEAN;x
2333;219;19;52;OCEAN;x
2334;195;1;235;OCEAN;x
2335;37;30;65;OCEAN;x
2336;59;216;127;OCEAN;x
2337;158;126;255;OCEAN;x
2338;66;200;183;OCEAN;x
2339;248;149;153;OCEAN;x
2340;181;64;212;OCEAN;x
2341;135;71;99;OCEAN;x
2342;172;13;68;OCEAN;x
2343;41;184;87;OCEAN;x
2344;90;94;30;OCEAN;x
2345;146;43;162;OCEAN;x
2346;20;32;133;OCEAN;x
2347;179;233;25;OCEAN;x
2348;145;103;3;OCEAN;x
2349;102;92;156;OCEAN;x
2350;155;117;197;OCEAN;x
2351;156;27;0;OCEAN;x
2352;192;244;93;OCEAN;x
2353;132;91;219;OCEAN;x
2354;141;248;38;OCEAN;x
2355;122;74;99;OCEAN;x
2356;54;164;187;OCEAN;x
2357;65;222;88;OCEAN;x
2358;72;237;26;OCEAN;x
2359;121;142;64;OCEAN;x
2360;118;171;18;OCEAN;x
2361;14;169;30;OCEAN;x
2362;168;103;48;OCEAN;x
2363;134;123;13;OCEAN;x
2364;98;129;222;OCEAN;x
2365;10;54;164;OCEAN;x
2366;148;140;227;OCEAN;x
2367;120;241;219;OCEAN;x
2368;210;15;160;OCEAN;x
2369;247;73;141;OCEAN;x
2370;189;167;97;OCEAN;x
2371;34;118;97;OCEAN;x
2372;117;168;115;OCEAN;x
2373;67;65;123;OCEAN;x
2374;235;1;21;OCEAN;x
2375;63;192;119;OCEAN;x
2376;19;61;211;OCEAN;x
2377;231;209;123;OCEAN;x
2378;19;124;65;OCEAN;x
2379;194;16;208;OCEAN;x
2380;51;202;54;OCEAN;x
2381;237;157;35;OCEAN;x
2382;227;52;10;OCEAN;x
2383;242;233;1;OCEAN;x
2384;167;243;130;OCEAN;x
2385;130;184;115;OCEAN;x
2386;46;116;128;OCEAN;x
2387;8;217;91;OCEAN;x
2388;144;222;99;OCEAN;x
2389;204;96;201;OCEAN;x
2390;154;202;146;OCEAN;x
2391;254;230;113;OCEAN;x
2392;157;8;4;OCEAN;x
2393;14;18;22;OCEAN;x
2394;49;70;31;OCEAN;x
2395;190;107;80;OCEAN;x
2396;116;194;156;OCEAN;x
2397;64;94;145;OCEAN;x
2398;223;130;77;OCEAN;x
2399;121;94;163;OCEAN;x
2400;91;30;107;OCEAN;x
2401;179;42;95;OCEAN;x
2402;61;120;227;OCEAN;x
2403;119;241;77;OCEAN;x
2404;244;134;112;OCEAN;x
2405;69;102;204;OCEAN;x
2406;84;32;118;OCEAN;x
2407;159;75;190;OCEAN;x
2408;46;175;135;OCEAN;x
2409;49;112;224;OCEAN;x
2410;30;130;43;OCEAN;x
2411;165;84;195;OCEAN;x
2412;221;232;33;OCEAN;x
2413;206;208;222;OCEAN;x
2414;174;198;63;OCEAN;x
2415;153;178;214;OCEAN;x
2416;153;232;175;OCEAN;x
2417;58;48;51;OCEAN;x
2418;159;76;7;OCEAN;x
2419;95;85;74;OCEAN;x
2420;210;28;168;OCEAN;x
2421;199;211;101;OCEAN;x
2422;13;11;45;OCEAN;x
2423;188;69;174;OCEAN;x
2424;57;5;135;OCEAN;x
2425;229;180;133;OCEAN;x
2426;25;96;238;OCEAN;x
2427;174;214;26;OCEAN;x
2428;164;94;179;OCEAN;x
2429;165;190;26;OCEAN;x
2430;168;11;10;OCEAN;x
2431;13;113;32;OCEAN;x
2432;206;97;35;OCEAN;x
2433;206;201;78;OCEAN;x
2434;146;11;249;OCEAN;x
2435;181;94;98;OCEAN;x
2436;226;133;59;OCEAN;x
2437;169;74;25;OCEAN;x
2438;108;136;15;OCEAN;x
2439;162;178;25;OCEAN;x
2440;226;169;15;OCEAN;x
2441;61;37;4;OCEAN;x
2442;127;164;181;OCEAN;x
2443;205;206;75;OCEAN;x
2444;43;5;242;OCEAN;x
2445;52;10;150;OCEAN;x
2446;88;236;39;OCEAN;x
2447;0;66;186;OCEAN;x
2448;239;207;167;OCEAN;x
2449;171;241;62;OCEAN;x
2450;172;111;129;OCEAN;x
2451;73;244;114;OCEAN;x
2452;72;72;247;OCEAN;x
2453;110;213;179;OCEAN;x
2454;38;250;154;OCEAN;x
2455;136;49;106;OCEAN;x
2456;220;153;37;OCEAN;x
2457;34;86;92;OCEAN;x
2458;78;164;133;OCEAN;x
2459;143;163;217;OCEAN;x
2460;77;108;29;OCEAN;x
2461;96;249;243;OCEAN;x
2462;20;114;57;OCEAN;x
2463;166;139;66;OCEAN;x
2464;145;210;34;OCEAN;x
2465;218;204;180;OCEAN;x
2466;5;179;170;OCEAN;x
2467;81;165;140;OCEAN;x
2468;106;97;130;OCEAN;x
2469;174;89;254;OCEAN;x
2470;17;95;203;OCEAN;x
2471;179;137;247;OCEAN;x
2472;62;244;109;OCEAN;x
2473;222;99;187;OCEAN;x
2474;244;227;65;OCEAN;x
2475;9;61;131;OCEAN;x
2476;194;228;121;OCEAN;x
2477;99;234;29;OCEAN;x
2478;31;234;215;OCEAN;x
2479;226;162;236;OCEAN;x
2480;31;172;126;OCEAN;x
2481;192;188;159;OCEAN;x
2482;166;172;54;OCEAN;x
2483;108;170;222;OCEAN;x
2484;246;254;38;OCEAN;x
2485;177;130;212;OCEAN;x
2486;97;63;177;OCEAN;x
2487;125;181;53;OCEAN;x
2488;159;170;142;OCEAN;x
2489;154;129;123;OCEAN;x
2490;203;90;116;OCEAN;x
2491;177;67;178;OCEAN;x
2492;16;0;147;OCEAN;x
2493;159;254;136;OCEAN;x
2494;33;49;167;OCEAN;x
2495;242;176;75;OCEAN;x
2496;19;88;186;OCEAN;x
2497;146;196;11;OCEAN;x
2498;48;53;38;OCEAN;x
2499;212;132;46;OCEAN;x
2500;67;243;250;OCEAN;x
2501;14;141;30;OCEAN;x
2502;178;139;152;OCEAN;x
2503;73;136;24;OCEAN;x
2504;54;190;254;OCEAN;x
2505;25;136;95;OCEAN;x
2506;204;84;72;OCEAN;x
2507;180;227;118;OCEAN;x
2508;148;78;181;OCEAN;x
2509;132;209;84;OCEAN;x
2510;56;251;91;OCEAN;x
2511;133;7;215;OCEAN;x
2512;94;67;153;OCEAN;x
2513;153;213;6;OCEAN;x
2514;93;13;170;OCEAN;x
2515;209;115;120;OCEAN;x
2516;129;156;197;OCEAN;x
2517;28;128;237;OCEAN;x
2518;130;40;38;OCEAN;x
2519;75;14;54;OCEAN;x
2520;216;251;222;OCEAN;x
2521;254;27;150;OCEAN;x
2522;249;81;158;OCEAN;x
2523;246;124;72;OCEAN;x
2524;244;127;109;OCEAN;x
2525;134;65;86;OCEAN;x
2526;227;175;123;OCEAN;x
2527;6;16;97;OCEAN;x
2528;175;158;21;OCEAN;x
2529;189;34;140;OCEAN;x
2530;133;78;150;OCEAN;x
2531;84;85;215;OCEAN;x
2532;125;193;94;OCEAN;x
2533;223;60;218;OCEAN;x
2534;43;8;160;OCEAN;x
2535;67;42;215;OCEAN;x
2536;133;71;7;OCEAN;x
2537;168;67;191;OCEAN;x
2538;254;118;195;OCEAN;x
2539;33;228;246;OCEAN;x
2540;13;126;129;OCEAN;x
2541;93;156;7;OCEAN;x
2542;133;165;184;OCEAN;x
2543;174;225;105;OCEAN;x
2544;253;214;148;OCEAN;x
2545;116;79;106;OCEAN;x
2546;211;128;168;OCEAN;x
2547;166;102;183;OCEAN;x
2548;132;161;246;OCEAN;x
2549;184;24;0;OCEAN;x
2550;108;165;32;OCEAN;x
2551;178;253;172;OCEAN;x
2552;7;15;231;OCEAN;x
2553;78;154;140;OCEAN;x
2554;183;239;128;OCEAN;x
2555;81;59;208;OCEAN;x
2556;241;255;146;OCEAN;x
2557;36;178;78;OCEAN;x
2558;70;197;156;OCEAN;x
2559;33;208;135;OCEAN;x
2560;75;97;104;OCEAN;x
2561;22;151;96;OCEAN;x
2562;139;85;220;OCEAN;x
2563;93;126;201;OCEAN;x
2564;139;12;25;OCEAN;x
2565;175;45;251;OCEAN;x
2566;186;218;167;OCEAN;x
2567;25;156;16;OCEAN;x
2568;82;19;111;OCEAN;x
